entry_time,exit_time,entry_price,exit_price,position,pnl,pnl_pct,exit_reason,symbol
2024-10-29 10:02:00,2024-10-29 11:13:00,67.99,68.25,1,260.0000000000051,0.003824091778202752,take_profit,CL
2024-10-30 10:17:00,2024-10-30 10:58:00,67.85,67.75,1,-99.99999999999432,-0.0014738393515106017,stop_loss,CL
2024-10-31 10:01:00,2024-10-31 10:15:00,68.81,68.91,-1,-99.99999999999432,-0.0014532771399505058,stop_loss,CL
2024-11-01 10:12:00,2024-11-01 10:30:00,71.08,70.83,-1,250.0,0.003517163759144626,take_profit,CL
2024-11-04 10:29:00,2024-11-04 10:37:00,71.34,71.11,-1,230.00000000000398,0.0032239977572190073,take_profit,CL
2024-11-05 10:34:00,2024-11-05 12:07:00,71.76,71.86,-1,-99.99999999999432,-0.0013935340022295751,stop_loss,CL
2024-11-06 10:05:00,2024-11-06 10:07:00,71.34,71.2,1,-140.00000000000057,-0.0019624334174376304,stop_loss,CL
2024-11-07 10:19:00,2024-11-07 10:47:00,71.15,70.95,-1,200.00000000000284,0.0028109627547435396,take_profit,CL
2024-11-08 10:02:00,2024-11-08 10:33:00,71.11,71.22,-1,-109.99999999999943,-0.001546899170299528,stop_loss,CL
2024-11-11 10:05:00,2024-11-11 10:17:00,69.35000000000001,69.51,-1,-159.9999999999966,-0.002307137707281854,stop_loss,CL
2024-11-12 10:17:00,2024-11-12 10:33:00,68.59,68.48,1,-109.99999999999943,-0.0016037323224959823,stop_loss,CL
2024-11-13 10:03:00,2024-11-13 10:07:00,68.57000000000001,68.71000000000001,-1,-140.00000000000057,-0.0020417092022750553,stop_loss,CL
2024-11-14 10:42:00,2024-11-14 11:06:00,68.55,68.77,1,219.99999999999886,0.003209336250911727,take_profit,CL
2024-11-15 10:12:00,2024-11-15 10:18:00,67.73,67.87,-1,-140.00000000000057,-0.0020670308578178143,stop_loss,CL
2024-11-18 10:19:00,2024-11-18 10:31:00,67.6,67.48,1,-119.99999999999034,-0.00177514792899394,stop_loss,CL
2024-11-19 12:46:00,2024-11-19 12:55:00,68.96000000000001,68.86,1,-100.00000000000853,-0.001450116009280866,stop_loss,CL
2024-11-20 10:06:00,2024-11-20 10:44:00,69.45,69.55,-1,-99.99999999999432,-0.001439884809215181,stop_loss,CL
2024-11-21 10:07:00,2024-11-21 10:12:00,69.93,69.82000000000001,1,-109.99999999999943,-0.0015730015730015647,stop_loss,CL
2024-11-22 10:07:00,2024-11-22 10:33:00,70.39,70.23,1,-159.9999999999966,-0.0022730501491688678,stop_loss,CL
2024-11-25 10:43:00,2024-11-25 10:58:00,70.98,70.88,1,-100.00000000000853,-0.0014088475626938366,stop_loss,CL
2024-11-26 10:13:00,2024-11-26 11:00:00,69.57000000000001,69.46000000000001,1,-109.99999999999943,-0.0015811412965358548,stop_loss,CL
2024-11-27 10:32:00,2024-11-27 11:18:00,68.96000000000001,69.09,-1,-129.99999999999545,-0.001885150812064899,stop_loss,CL
2024-11-28 10:17:00,2024-11-28 12:45:00,69.09,68.98,1,-109.99999999999943,-0.0015921262121869942,stop_loss,CL
2024-11-29 10:02:00,2024-11-29 10:05:00,68.28,68.38,-1,-99.99999999999432,-0.0014645577035734376,stop_loss,CL
2024-12-02 10:04:00,2024-12-02 10:15:00,68.75,68.62,1,-129.99999999999545,-0.0018909090909090247,stop_loss,CL
2024-12-03 10:07:00,2024-12-03 10:12:00,68.73,68.83,-1,-99.99999999999432,-0.0014549687181724764,stop_loss,CL
2024-12-04 10:01:00,2024-12-04 10:16:00,70.41,70.31,1,-99.99999999999432,-0.001420252804999209,stop_loss,CL
2024-12-05 11:21:00,2024-12-05 11:38:00,69.01,68.87,1,-140.00000000000057,-0.002028691493986387,stop_loss,CL
2024-12-06 10:05:00,2024-12-06 10:59:00,67.93,67.72,-1,210.00000000000796,0.0030914176358016773,take_profit,CL
2024-12-09 10:06:00,2024-12-09 10:39:00,68.07000000000001,67.97,1,-100.00000000000853,-0.0014690759512268035,stop_loss,CL
2024-12-10 10:29:00,2024-12-10 11:01:00,68.01,67.75,-1,260.0000000000051,0.0038229672107043832,take_profit,CL
2024-12-11 10:36:00,2024-12-11 10:52:00,69.18,69.28,-1,-99.99999999999432,-0.001445504481063809,stop_loss,CL
2024-12-12 10:08:00,2024-12-12 11:11:00,70.43,70.23,-1,200.00000000000284,0.002839698991906898,take_profit,CL
2024-12-13 10:05:00,2024-12-13 10:45:00,70.52,70.72,1,200.00000000000284,0.0028360748723766714,take_profit,CL
2024-12-16 10:10:00,2024-12-16 10:20:00,70.72,70.62,1,-99.99999999999432,-0.0014140271493211867,stop_loss,CL
2024-12-17 11:59:00,2024-12-17 12:11:00,69.9,70.0,-1,-99.99999999999432,-0.0014306151645206624,stop_loss,CL
2024-12-18 10:26:00,2024-12-18 10:33:00,70.27,70.16,1,-109.99999999999943,-0.0015653906361178232,stop_loss,CL
2024-12-19 10:05:00,2024-12-19 10:16:00,69.88,69.99,-1,-109.99999999999943,-0.0015741270749856818,stop_loss,CL
2024-12-20 10:26:00,2024-12-20 10:32:00,68.61,68.71000000000001,-1,-100.00000000000853,-0.0014575134819998327,stop_loss,CL
2024-12-23 10:04:00,2024-12-23 10:08:00,69.41,69.51,-1,-100.00000000000853,-0.0014407145944389645,stop_loss,CL
2024-12-24 10:01:00,2024-12-24 10:18:00,69.59,69.7,-1,-109.99999999999943,-0.0015806868802988852,stop_loss,CL
2024-12-26 10:03:00,2024-12-26 10:19:00,70.55,70.45,1,-99.99999999999432,-0.0014174344436569002,stop_loss,CL
2024-12-27 10:26:00,2024-12-27 10:30:00,69.97,69.87,1,-99.99999999999432,-0.0014291839359724784,stop_loss,CL
2024-12-30 10:01:00,2024-12-30 10:40:00,70.48,70.59,-1,-109.99999999999943,-0.0015607264472190612,stop_loss,CL
2024-12-31 10:15:00,2024-12-31 12:12:00,71.5,71.7,1,200.00000000000284,0.002797202797202837,take_profit,CL
2025-01-02 10:01:00,2025-01-02 10:11:00,72.52,72.72,1,200.00000000000284,0.002757859900717083,take_profit,CL
2025-01-03 10:24:00,2025-01-03 11:01:00,72.86,72.76,1,-99.99999999999432,-0.0013724951962667351,stop_loss,CL
2025-01-06 10:28:00,2025-01-06 11:22:00,73.91,74.12,1,210.00000000000796,0.002841293465025138,take_profit,CL
2025-01-07 10:04:00,2025-01-07 10:47:00,73.57000000000001,73.78,1,209.99999999999375,0.002854424357754434,take_profit,CL
2025-01-08 10:03:00,2025-01-08 10:10:00,75.2,75.10000000000001,1,-99.99999999999432,-0.0013297872340424775,stop_loss,CL
2025-01-09 10:24:00,2025-01-09 10:33:00,73.35000000000001,73.23,1,-120.00000000000455,-0.0016359918200409616,stop_loss,CL
2025-01-10 10:11:00,2025-01-10 10:15:00,75.73,75.61,1,-120.00000000000455,-0.0015845767859501458,stop_loss,CL
2025-01-13 10:08:00,2025-01-13 10:11:00,77.92,77.82000000000001,1,-99.99999999999432,-0.0012833675564680996,stop_loss,CL
2025-01-14 10:05:00,2025-01-14 10:09:00,78.81,78.60000000000001,-1,209.99999999999375,0.0026646364674532894,take_profit,CL
2025-01-15 10:02:00,2025-01-15 10:33:00,77.8,77.68,1,-119.99999999999034,-0.0015424164524420352,stop_loss,CL
2025-01-16 10:06:00,2025-01-16 10:19:00,79.83,79.94,-1,-109.99999999999943,-0.0013779280972065569,stop_loss,CL
2025-01-17 10:03:00,2025-01-17 10:11:00,78.36,78.19,1,-170.0000000000017,-0.0021694742215416247,stop_loss,CL
2025-01-20 11:57:00,2025-01-20 12:42:00,77.25,77.49,1,239.99999999999488,0.0031067961165047882,take_profit,CL
2025-01-21 10:04:00,2025-01-21 10:45:00,75.82000000000001,75.62,-1,200.00000000000284,0.002637826431020876,take_profit,CL
2025-01-22 10:22:00,2025-01-22 10:33:00,76.32000000000001,76.2,1,-120.00000000000455,-0.0015723270440252167,stop_loss,CL
2025-01-23 10:21:00,2025-01-23 10:43:00,75.26,75.38,-1,-119.99999999999034,-0.0015944724953493267,stop_loss,CL
2025-01-24 10:55:00,2025-01-24 11:39:00,75.03,74.93,1,-99.99999999999432,-0.0013328002132479584,stop_loss,CL
2025-01-27 10:08:00,2025-01-27 10:30:00,74.91,75.11,1,200.00000000000284,0.0026698705112802408,take_profit,CL
2025-01-28 10:31:00,2025-01-28 10:45:00,73.36,73.5,-1,-140.00000000000057,-0.0019083969465648932,stop_loss,CL
2025-01-29 10:56:00,2025-01-29 11:00:00,72.94,73.06,-1,-120.00000000000455,-0.001645187825610153,stop_loss,CL
2025-01-30 10:33:00,2025-01-30 11:07:00,72.39,72.62,1,230.00000000000398,0.003177234424644343,take_profit,CL
2025-01-31 10:11:00,2025-01-31 10:23:00,72.46000000000001,72.56,-1,-99.99999999999432,-0.0013800717637316355,stop_loss,CL
2025-02-03 10:02:00,2025-02-03 10:30:00,74.19,74.39,1,200.00000000000284,0.002695781102574509,take_profit,CL
2025-02-04 10:48:00,2025-02-04 11:05:00,72.0,71.87,1,-129.99999999999545,-0.0018055555555554924,stop_loss,CL
2025-02-05 10:09:00,2025-02-05 10:32:00,72.04,72.16,-1,-119.99999999999034,-0.0016657412548582778,stop_loss,CL
2025-02-06 10:16:00,2025-02-06 11:48:00,71.60000000000001,71.47,1,-130.00000000000966,-0.0018156424581006934,stop_loss,CL
2025-02-07 14:19:00,2025-02-07 14:45:00,71.33,71.23,1,-99.99999999999432,-0.0014019346698443055,stop_loss,CL
2025-02-10 10:11:00,2025-02-10 10:17:00,71.62,71.73,-1,-109.99999999999943,-0.0015358838313320221,stop_loss,CL
2025-02-11 10:15:00,2025-02-11 10:41:00,73.26,73.16,1,-100.00000000000853,-0.0013650013650014813,stop_loss,CL
2025-02-12 10:01:00,2025-02-12 10:18:00,72.39,72.49,-1,-99.99999999999432,-0.0013814062715843945,stop_loss,CL
2025-02-13 10:06:00,2025-02-13 11:08:00,70.38,70.49,-1,-109.99999999999943,-0.001562944018186977,stop_loss,CL
2025-02-14 11:13:00,2025-02-14 11:47:00,71.34,71.51,-1,-170.0000000000017,-0.002382954864031423,stop_loss,CL
2025-02-17 10:02:00,2025-02-17 10:03:00,70.76,70.86,-1,-99.99999999999432,-0.0014132278123232661,stop_loss,CL
2025-02-18 10:39:00,2025-02-18 10:56:00,71.95,71.83,1,-120.00000000000455,-0.0016678248783878323,stop_loss,CL
2025-02-19 10:16:00,2025-02-19 10:34:00,72.48,72.38,1,-100.00000000000853,-0.0013796909492274907,stop_loss,CL
2025-02-20 10:36:00,2025-02-20 12:44:00,72.25,72.45,1,200.00000000000284,0.0027681660899654373,take_profit,CL
2025-02-21 10:03:00,2025-02-21 10:42:00,71.97,71.66,-1,310.0000000000023,0.004307350284840938,take_profit,CL
2025-02-24 10:06:00,2025-02-24 12:12:00,70.46000000000001,70.36,1,-100.00000000000853,-0.001419244961680507,stop_loss,CL
2025-02-25 10:05:00,2025-02-25 10:11:00,70.64,70.74,-1,-99.99999999999432,-0.0014156285390712672,stop_loss,CL
2025-02-26 10:04:00,2025-02-26 11:23:00,68.94,69.04,-1,-100.00000000000853,-0.0014505366985785978,stop_loss,CL
2025-02-27 11:06:00,2025-02-27 11:57:00,69.36,69.26,1,-99.99999999999432,-0.0014417531718568962,stop_loss,CL
2025-02-28 10:07:00,2025-02-28 10:37:00,69.54,69.64,-1,-99.99999999999432,-0.0014380212827149023,stop_loss,CL
2025-03-03 10:33:00,2025-03-03 10:44:00,69.51,69.71000000000001,1,200.00000000000284,0.0028772838440512564,take_profit,CL
2025-03-04 10:35:00,2025-03-04 11:22:00,67.77,67.63,1,-140.00000000000057,-0.002065810830751078,stop_loss,CL
2025-03-05 10:12:00,2025-03-05 10:40:00,67.34,67.13,-1,210.00000000000796,0.0031185031185032366,take_profit,CL
2025-03-06 10:06:00,2025-03-06 10:10:00,66.51,66.64,-1,-129.99999999999545,-0.0019545932942413987,stop_loss,CL
2025-03-07 10:11:00,2025-03-07 10:17:00,67.31,67.21000000000001,1,-99.99999999999432,-0.0014856633486851035,stop_loss,CL
2025-03-10 10:53:00,2025-03-10 10:56:00,67.0,67.13,-1,-129.99999999999545,-0.0019402985074626186,stop_loss,CL
2025-03-11 10:18:00,2025-03-11 10:35:00,66.58,66.78,1,200.00000000000284,0.0030039050765996223,take_profit,CL
2025-03-12 10:03:00,2025-03-12 10:19:00,66.77,66.97,1,200.00000000000284,0.0029953571963457068,take_profit,CL
2025-03-13 10:01:00,2025-03-13 10:21:00,67.2,67.3,-1,-99.99999999999432,-0.0014880952380951534,stop_loss,CL
2025-03-14 10:38:00,2025-03-14 11:03:00,67.13,67.23,-1,-100.00000000000853,-0.0014896469536721068,stop_loss,CL
2025-03-17 10:42:00,2025-03-17 11:47:00,67.96000000000001,68.18,1,219.99999999999886,0.003237198351971731,take_profit,CL
2025-03-18 10:13:00,2025-03-18 10:31:00,68.43,68.33,1,-100.00000000000853,-0.0014613473622681356,stop_loss,CL
2025-03-19 10:04:00,2025-03-19 11:08:00,66.42,66.62,1,200.00000000000284,0.0030111412225233792,take_profit,CL
2025-03-20 10:02:00,2025-03-20 10:05:00,66.99,67.1,-1,-109.99999999999943,-0.0016420361247947372,stop_loss,CL
2025-03-21 10:01:00,2025-03-21 12:16:00,67.86,67.96000000000001,-1,-100.00000000000853,-0.0014736221632774614,stop_loss,CL
2025-03-24 10:01:00,2025-03-24 10:56:00,68.67,68.87,1,200.00000000000284,0.0029124799767002016,take_profit,CL
2025-03-25 11:06:00,2025-03-25 11:28:00,69.42,69.52,-1,-99.99999999999432,-0.0014405070584845047,stop_loss,CL
2025-03-26 10:31:00,2025-03-26 13:32:00,69.55,69.82000000000001,1,270.00000000001023,0.0038820992092021603,take_profit,CL
2025-03-27 10:06:00,2025-03-27 10:46:00,69.56,69.45,1,-109.99999999999943,-0.0015813686026451901,stop_loss,CL
2025-03-28 10:10:00,2025-03-28 12:07:00,69.88,69.98,-1,-100.00000000000853,-0.0014310246136234764,stop_loss,CL
2025-03-31 10:11:00,2025-03-31 10:24:00,69.42,69.52,-1,-99.99999999999432,-0.0014405070584845047,stop_loss,CL
2025-04-01 10:02:00,2025-04-01 10:16:00,71.74,71.95,1,210.00000000000796,0.0029272372456092552,take_profit,CL
2025-04-02 10:02:00,2025-04-02 10:45:00,71.02,70.79,-1,229.99999999998977,0.0032385243593352547,take_profit,CL
2025-04-03 10:02:00,2025-04-03 10:12:00,68.54,68.64,-1,-99.99999999999432,-0.0014590020426027766,stop_loss,CL
2025-04-04 10:04:00,2025-04-04 10:06:00,64.89,64.71000000000001,1,-179.9999999999926,-0.0027739251040220774,stop_loss,CL
2025-04-07 10:06:00,2025-04-07 10:20:00,59.97,60.19,1,219.99999999999886,0.0036685009171252103,take_profit,CL
2025-04-08 10:09:00,2025-04-08 10:13:00,61.04,60.92,1,-119.99999999999744,-0.0019659239842725663,stop_loss,CL
2025-04-09 10:18:00,2025-04-09 10:20:00,56.81,56.57,-1,240.000000000002,0.004224608343601513,take_profit,CL
2025-04-10 10:18:00,2025-04-10 10:42:00,60.92,60.82,1,-100.00000000000142,-0.0016414970453053417,stop_loss,CL
2025-04-11 10:17:00,2025-04-11 10:34:00,60.58,60.42,1,-159.9999999999966,-0.0026411356883459325,stop_loss,CL
2025-04-14 10:14:00,2025-04-14 10:21:00,62.16,62.04,1,-119.99999999999744,-0.0019305019305018896,stop_loss,CL
2025-04-15 10:03:00,2025-04-15 10:05:00,60.97,61.09,-1,-120.00000000000455,-0.001968181072658759,stop_loss,CL
2025-04-16 10:43:00,2025-04-16 10:50:00,61.76,61.86,-1,-100.00000000000142,-0.0016191709844559816,stop_loss,CL
2025-04-17 10:05:00,2025-04-17 10:12:00,62.51,62.4,1,-109.99999999999943,-0.0017597184450487832,stop_loss,CL
2025-04-21 10:31:00,2025-04-21 10:52:00,62.41,62.29,1,-119.99999999999744,-0.001922768787053316,stop_loss,CL
2025-04-22 10:54:00,2025-04-22 11:38:00,63.28,63.39,-1,-109.99999999999943,-0.0017383059418457558,stop_loss,CL
2025-04-23 10:40:00,2025-04-23 10:45:00,64.27,64.37,-1,-100.00000000000853,-0.0015559358954412405,stop_loss,CL
2025-04-24 10:04:00,2025-04-24 10:57:00,62.73,62.95,1,220.00000000000597,0.0035070938944684518,take_profit,CL
2025-04-25 10:19:00,2025-04-25 10:20:00,62.8,62.67,1,-129.99999999999545,-0.0020700636942674435,stop_loss,CL
2025-04-28 10:24:00,2025-04-28 11:12:00,62.67,62.77,-1,-100.00000000000142,-0.0015956598053295263,stop_loss,CL
2025-04-29 10:34:00,2025-04-29 11:30:00,61.06,60.81,-1,250.0,0.004094333442515558,take_profit,CL
2025-04-30 12:12:00,2025-04-30 12:15:00,60.120000000000005,59.98,1,-140.00000000000767,-0.0023286759813707196,stop_loss,CL
2025-05-01 10:04:00,2025-05-01 10:10:00,56.63,56.41,-1,220.00000000000597,0.003884866678439095,take_profit,CL
2025-05-02 10:05:00,2025-05-02 10:20:00,58.97,58.86,1,-109.99999999999943,-0.0018653552653891713,stop_loss,CL
2025-05-05 10:01:00,2025-05-05 10:24:00,57.54,57.44,1,-100.00000000000142,-0.0017379214459506678,stop_loss,CL
2025-05-06 10:20:00,2025-05-06 10:46:00,58.64,58.41,-1,230.00000000000398,0.003922237380627626,take_profit,CL
2025-05-07 10:39:00,2025-05-07 10:48:00,59.35,59.46,-1,-109.99999999999943,-0.0018534119629317512,stop_loss,CL
2025-05-08 10:12:00,2025-05-08 10:40:00,58.86,59.06,1,200.00000000000284,0.0033978933061502353,take_profit,CL
2025-05-09 10:07:00,2025-05-09 11:38:00,61.09,60.98,1,-110.00000000000654,-0.0018006220330660753,stop_loss,CL
2025-05-12 10:11:00,2025-05-12 10:24:00,62.79,62.89,-1,-100.00000000000142,-0.0015926102882624848,stop_loss,CL
2025-05-13 10:04:00,2025-05-13 11:55:00,62.45,62.68,1,229.99999999999687,0.0036829463570856183,take_profit,CL
2025-05-14 10:09:00,2025-05-14 10:21:00,62.78,62.92,-1,-140.00000000000057,-0.0022300095571838254,stop_loss,CL
2025-05-15 10:10:00,2025-05-15 11:00:00,60.83,61.03,1,200.00000000000284,0.003287851389117259,take_profit,CL
2025-05-16 10:33:00,2025-05-16 10:56:00,61.72,61.93,1,210.00000000000085,0.0034024627349319644,take_profit,CL
2025-05-19 10:01:00,2025-05-19 10:25:00,61.3,61.08,-1,219.99999999999886,0.003588907014681874,take_profit,CL
2025-05-20 11:11:00,2025-05-20 12:14:00,61.9,62.01,-1,-109.99999999999943,-0.0017770597738287468,stop_loss,CL
2025-05-21 10:29:00,2025-05-21 11:16:00,62.72,62.5,-1,219.99999999999886,0.0035076530612244716,take_profit,CL
2025-05-22 10:12:00,2025-05-22 10:14:00,60.57,60.68,-1,-109.99999999999943,-0.0018160805679379136,stop_loss,CL
2025-05-23 10:34:00,2025-05-23 11:25:00,61.26,61.16,1,-100.00000000000142,-0.0016323865491348585,stop_loss,CL
2025-05-26 10:01:00,2025-05-26 10:54:00,61.52,61.31,-1,210.00000000000085,0.0034135240572171787,take_profit,CL
2025-05-27 10:16:00,2025-05-27 10:29:00,61.61,61.71,-1,-100.00000000000142,-0.0016231131309852528,stop_loss,CL
2024-10-30 11:49:00,2024-10-30 12:54:00,5872.5,5867.5,-1,250.0,0.0008514261387824606,take_profit,ES
2024-10-31 10:53:00,2024-10-31 11:51:00,5808.0,5813.25,1,262.5,0.0009039256198347108,take_profit,ES
2024-11-01 10:03:00,2024-11-01 11:35:00,5757.0,5763.25,1,312.5,0.0010856348792774014,take_profit,ES
2024-11-04 10:02:00,2024-11-04 10:38:00,5768.25,5773.5,1,262.5,0.0009101547263034716,take_profit,ES
2024-11-05 10:03:00,2024-11-05 11:00:00,5751.5,5754.0,-1,-125.0,-0.00043466921672607144,stop_loss,ES
2024-11-06 10:30:00,2024-11-06 10:40:00,5948.75,5944.5,1,-212.5,-0.0007144358058415633,stop_loss,ES
2024-11-07 11:13:00,2024-11-07 11:44:00,5966.25,5969.0,-1,-137.5,-0.00046092604232139114,stop_loss,ES
2024-11-08 10:06:00,2024-11-08 10:30:00,6004.75,5998.0,-1,337.5,0.0011241100795203796,take_profit,ES
2024-11-11 10:52:00,2024-11-11 12:01:00,6040.75,6043.25,-1,-125.0,-0.00041385589537722964,stop_loss,ES
2024-11-12 10:03:00,2024-11-12 10:25:00,6019.0,6013.75,-1,262.5,0.0008722379132746304,take_profit,ES
2024-11-13 10:11:00,2024-11-13 11:05:00,6006.0,6001.0,-1,250.0,0.0008325008325008325,take_profit,ES
2024-11-14 10:38:00,2024-11-14 10:40:00,6023.0,6020.5,1,-125.0,-0.0004150755437489623,stop_loss,ES
2024-11-15 10:20:00,2024-11-15 10:26:00,5937.25,5940.0,-1,-137.5,-0.0004631773969430292,stop_loss,ES
2024-11-18 10:41:00,2024-11-18 11:28:00,5901.75,5899.0,1,-137.5,-0.00046596348540687085,stop_loss,ES
2024-11-19 10:17:00,2024-11-19 10:19:00,5899.25,5896.75,1,-125.0,-0.00042378268423952196,stop_loss,ES
2024-11-20 10:18:00,2024-11-20 10:29:00,5946.25,5941.0,-1,262.5,0.000882909396678579,take_profit,ES
2024-11-21 10:06:00,2024-11-21 10:26:00,5919.0,5916.5,1,-125.0,-0.00042236864335191754,stop_loss,ES
2024-11-22 11:59:00,2024-11-22 12:29:00,5959.5,5964.5,1,250.0,0.0008389965601141035,take_profit,ES
2024-11-25 10:51:00,2024-11-25 12:09:00,6017.5,6014.25,1,-162.5,-0.000540091400083091,stop_loss,ES
2024-11-26 10:01:00,2024-11-26 10:26:00,6008.5,6005.5,1,-150.0,-0.0004992926687193143,stop_loss,ES
2024-11-27 10:15:00,2024-11-27 11:13:00,6029.5,6027.0,1,-125.0,-0.0004146280786134837,stop_loss,ES
2024-11-28 10:29:00,2024-11-28 11:10:00,6021.75,6024.25,-1,-125.0,-0.0004151617054842861,stop_loss,ES
2024-11-29 10:18:00,2024-11-29 10:37:00,6034.75,6031.5,1,-162.5,-0.0005385475786072331,stop_loss,ES
2024-12-02 10:22:00,2024-12-02 12:09:00,6041.75,6047.25,1,275.0,0.0009103322712790169,take_profit,ES
2024-12-03 10:33:00,2024-12-03 12:05:00,6062.0,6064.75,-1,-137.5,-0.0004536456614978555,stop_loss,ES
2024-12-04 10:01:00,2024-12-04 10:21:00,6078.0,6075.5,1,-125.0,-0.0004113195129976966,stop_loss,ES
2024-12-05 10:03:00,2024-12-05 10:52:00,6096.5,6093.5,1,-150.0,-0.0004920856228983843,stop_loss,ES
2024-12-06 10:01:00,2024-12-06 11:22:00,6084.5,6079.0,-1,275.0,0.0009039362314076753,take_profit,ES
2024-12-09 10:12:00,2024-12-09 12:28:00,6094.25,6096.75,-1,-125.0,-0.0004102227509537679,stop_loss,ES
2024-12-10 10:02:00,2024-12-10 10:29:00,6061.0,6066.25,1,262.5,0.0008661936974096683,take_profit,ES
2024-12-11 10:17:00,2024-12-11 11:17:00,6050.75,6053.25,-1,-125.0,-0.00041317192083626,stop_loss,ES
2024-12-12 10:25:00,2024-12-12 11:13:00,6083.5,6080.5,1,-150.0,-0.0004931371743239912,stop_loss,ES
2024-12-13 10:02:00,2024-12-13 14:07:00,6079.5,6077.0,1,-125.0,-0.0004112180277983387,stop_loss,ES
2024-12-16 10:04:00,2024-12-16 11:17:00,6064.75,6062.25,1,-125.0,-0.00041221814584278,stop_loss,ES
2024-12-17 11:17:00,2024-12-17 11:34:00,6066.5,6064.0,1,-125.0,-0.0004120992334954257,stop_loss,ES
2024-12-18 10:05:00,2024-12-18 10:17:00,6140.75,6145.75,1,250.0,0.0008142327891544192,take_profit,ES
2024-12-19 10:13:00,2024-12-19 10:29:00,5966.75,5971.75,1,250.0,0.000837977123224536,take_profit,ES
2024-12-20 10:13:00,2024-12-20 10:25:00,5882.0,5885.25,-1,-162.5,-0.0005525331519891193,stop_loss,ES
2024-12-23 10:18:00,2024-12-23 10:24:00,6017.5,6012.25,-1,262.5,0.0008724553385957624,take_profit,ES
2024-12-24 11:44:00,2024-12-24 12:14:00,6039.75,6043.0,-1,-162.5,-0.0005381017426217973,stop_loss,ES
2024-12-26 10:01:00,2024-12-26 11:14:00,6074.0,6069.0,-1,250.0,0.0008231807704972012,take_profit,ES
2024-12-27 11:59:00,2024-12-27 13:01:00,6075.75,6073.0,1,-137.5,-0.0004526190182282023,stop_loss,ES
2024-12-30 10:18:00,2024-12-30 11:58:00,6014.75,6012.0,1,-137.5,-0.00045720936032254045,stop_loss,ES
2024-12-31 10:48:00,2024-12-31 11:18:00,5978.0,5975.0,1,-150.0,-0.0005018400802944129,stop_loss,ES
2025-01-02 11:42:00,2025-01-02 11:47:00,5976.75,5982.0,1,262.5,0.0008784038147822813,take_profit,ES
2025-01-03 10:01:00,2025-01-03 10:50:00,5936.0,5929.75,-1,312.5,0.0010528975741239891,take_profit,ES
2025-01-06 10:13:00,2025-01-06 10:35:00,6018.25,6015.5,1,-137.5,-0.0004569434636314543,stop_loss,ES
2025-01-07 10:20:00,2025-01-07 11:34:00,6027.25,6023.0,1,-212.5,-0.0007051308639926999,stop_loss,ES
2025-01-08 10:47:00,2025-01-08 11:12:00,5973.75,5971.25,1,-125.0,-0.0004184975936388366,stop_loss,ES
2025-01-09 10:01:00,2025-01-09 10:46:00,5954.5,5952.0,1,-125.0,-0.00041985053321017717,stop_loss,ES
2025-01-10 10:35:00,2025-01-10 11:06:00,5945.0,5950.0,1,250.0,0.0008410428931875525,take_profit,ES
2025-01-13 10:34:00,2025-01-13 10:56:00,5818.75,5815.5,1,-162.5,-0.0005585392051557465,stop_loss,ES
2025-01-14 10:24:00,2025-01-14 10:35:00,5902.75,5905.5,-1,-137.5,-0.0004658845453390369,stop_loss,ES
2025-01-15 10:16:00,2025-01-15 10:25:00,5885.5,5888.25,-1,-137.5,-0.0004672500212386373,stop_loss,ES
2025-01-16 10:07:00,2025-01-16 10:10:00,5996.5,5999.75,-1,-162.5,-0.0005419828233135996,stop_loss,ES
2025-01-17 10:04:00,2025-01-17 10:10:00,5993.25,5996.0,-1,-137.5,-0.0004588495390647812,stop_loss,ES
2025-01-20 10:02:00,2025-01-20 10:04:00,6040.0,6037.25,1,-137.5,-0.00045529801324503314,stop_loss,ES
2025-01-21 10:01:00,2025-01-21 10:14:00,6063.25,6060.75,1,-125.0,-0.0004123201253453181,stop_loss,ES
2025-01-22 10:12:00,2025-01-22 10:38:00,6109.0,6112.0,-1,-150.0,-0.0004910787362907187,stop_loss,ES
2025-01-23 10:14:00,2025-01-23 10:47:00,6110.75,6108.25,1,-125.0,-0.0004091150840731498,stop_loss,ES
2025-01-24 10:10:00,2025-01-24 12:19:00,6144.25,6146.75,-1,-125.0,-0.0004068844854945681,stop_loss,ES
2025-01-27 10:02:00,2025-01-27 10:04:00,6004.0,5998.0,-1,300.0,0.000999333777481679,take_profit,ES
2025-01-28 10:01:00,2025-01-28 11:22:00,6068.75,6065.5,1,-162.5,-0.0005355303810504634,stop_loss,ES
2025-01-29 10:56:00,2025-01-29 11:00:00,6104.5,6102.0,1,-125.0,-0.0004095339503644852,stop_loss,ES
2025-01-30 10:18:00,2025-01-30 10:33:00,6088.75,6092.0,-1,-162.5,-0.0005337712995278177,stop_loss,ES
2025-01-31 10:13:00,2025-01-31 10:23:00,6122.75,6125.5,-1,-137.5,-0.0004491445837246335,stop_loss,ES
2025-02-03 10:02:00,2025-02-03 10:05:00,5963.25,5966.25,-1,-150.0,-0.0005030813734121495,stop_loss,ES
2025-02-04 10:15:00,2025-02-04 10:33:00,6012.0,6008.0,1,-200.0,-0.0006653359946773121,stop_loss,ES
2025-02-05 10:18:00,2025-02-05 11:17:00,6029.25,6034.25,1,250.0,0.0008292905419413692,take_profit,ES
2025-02-06 10:29:00,2025-02-06 11:01:00,6097.5,6092.0,-1,275.0,0.0009020090200902009,take_profit,ES
2025-02-07 11:44:00,2025-02-07 13:04:00,6106.5,6104.0,1,-125.0,-0.00040939981986407926,stop_loss,ES
2025-02-10 10:04:00,2025-02-10 11:02:00,6073.0,6070.0,1,-150.0,-0.0004939897908776552,stop_loss,ES
2025-02-11 10:18:00,2025-02-11 10:28:00,6072.25,6069.75,1,-125.0,-0.00041170900407591914,stop_loss,ES
2025-02-12 10:27:00,2025-02-12 12:33:00,6084.0,6089.0,1,250.0,0.000821827744904668,take_profit,ES
2025-02-13 10:35:00,2025-02-13 11:47:00,6073.25,6067.75,1,-275.0,-0.0009056106697402544,stop_loss,ES
2025-02-14 10:09:00,2025-02-14 11:00:00,6132.75,6127.25,-1,275.0,0.0008968244262361909,take_profit,ES
2025-02-17 10:02:00,2025-02-17 11:39:00,6144.0,6141.5,1,-125.0,-0.0004069010416666667,stop_loss,ES
2025-02-18 10:03:00,2025-02-18 10:07:00,6145.0,6147.75,-1,-137.5,-0.00044751830756712774,stop_loss,ES
2025-02-19 10:08:00,2025-02-19 10:29:00,6148.0,6142.5,-1,275.0,0.0008945998698763826,take_profit,ES
2025-02-20 10:02:00,2025-02-20 11:00:00,6153.75,6151.0,1,-137.5,-0.00044688198253097704,stop_loss,ES
2025-02-21 10:16:00,2025-02-21 10:47:00,6138.5,6136.0,1,-125.0,-0.0004072656186364747,stop_loss,ES
2025-02-24 10:09:00,2025-02-24 11:36:00,6060.25,6062.75,-1,-125.0,-0.0004125242357988532,stop_loss,ES
2025-02-25 11:44:00,2025-02-25 11:45:00,5998.25,5995.25,1,-150.0,-0.0005001458758804652,stop_loss,ES
2025-02-26 10:05:00,2025-02-26 10:11:00,6001.25,5998.25,1,-150.0,-0.000499895855030202,stop_loss,ES
2025-02-27 10:24:00,2025-02-27 10:28:00,6007.5,6004.5,1,-150.0,-0.0004993757802746567,stop_loss,ES
2025-02-28 10:38:00,2025-02-28 12:02:00,5896.5,5892.25,1,-212.5,-0.0007207665564317816,stop_loss,ES
2025-03-03 11:06:00,2025-03-03 12:01:00,5983.75,5988.75,1,250.0,0.0008355964069354502,take_profit,ES
2025-03-04 10:01:00,2025-03-04 10:05:00,5856.0,5861.25,-1,-262.5,-0.000896516393442623,stop_loss,ES
2025-03-05 10:11:00,2025-03-05 10:15:00,5835.0,5829.75,-1,262.5,0.0008997429305912597,take_profit,ES
2025-03-06 10:01:00,2025-03-06 10:02:00,5784.25,5787.0,-1,-137.5,-0.00047542896659030987,stop_loss,ES
2025-03-07 10:03:00,2025-03-07 10:06:00,5765.0,5759.5,-1,275.0,0.0009540329575021682,take_profit,ES
2025-03-10 10:22:00,2025-03-10 10:27:00,5713.5,5716.0,-1,-125.0,-0.00043756016452262185,stop_loss,ES
2025-03-11 10:01:00,2025-03-11 10:07:00,5635.25,5638.0,-1,-137.5,-0.0004879996450911672,stop_loss,ES
2025-03-12 10:16:00,2025-03-12 10:31:00,5605.75,5608.75,-1,-150.0,-0.0005351647861570708,stop_loss,ES
2025-03-13 10:01:00,2025-03-13 10:03:00,5606.75,5604.0,1,-137.5,-0.0004904802247291211,stop_loss,ES
2025-03-14 10:13:00,2025-03-14 10:18:00,5564.0,5566.75,-1,-137.5,-0.0004942487419122933,stop_loss,ES
2025-03-17 10:11:00,2025-03-17 10:38:00,5618.75,5624.25,1,275.0,0.000978865406006674,take_profit,ES
2025-03-18 10:01:00,2025-03-18 10:05:00,5670.25,5665.0,-1,262.5,0.00092588510206781,take_profit,ES
2025-03-19 10:02:00,2025-03-19 10:09:00,5685.75,5683.25,1,-125.0,-0.0004396957305544563,stop_loss,ES
2025-03-20 10:04:00,2025-03-20 10:10:00,5723.5,5716.25,-1,362.5,0.0012667074342622522,take_profit,ES
2025-03-21 10:01:00,2025-03-21 10:14:00,5697.25,5703.5,1,312.5,0.001097020492342797,take_profit,ES
2025-03-24 10:20:00,2025-03-24 10:39:00,5776.75,5781.75,1,250.0,0.0008655385813822651,take_profit,ES
2025-03-25 10:18:00,2025-03-25 10:44:00,5812.0,5817.5,1,275.0,0.0009463179628355127,take_profit,ES
2025-03-26 10:38:00,2025-03-26 11:27:00,5821.25,5826.5,1,262.5,0.0009018681554648915,take_profit,ES
2025-03-27 10:03:00,2025-03-27 10:17:00,5768.75,5766.0,1,-137.5,-0.00047670639219934995,stop_loss,ES
2025-03-28 10:11:00,2025-03-28 10:39:00,5732.25,5737.5,1,262.5,0.0009158707313881983,take_profit,ES
2025-03-31 11:06:00,2025-03-31 11:16:00,5565.5,5569.75,-1,-212.5,-0.0007636330967568054,stop_loss,ES
2025-04-01 10:01:00,2025-04-01 10:05:00,5652.25,5655.5,-1,-162.5,-0.0005749922597195807,stop_loss,ES
2025-04-02 10:02:00,2025-04-02 10:03:00,5642.5,5647.25,-1,-237.5,-0.0008418254319893664,stop_loss,ES
2025-04-03 10:06:00,2025-04-03 10:08:00,5521.25,5523.75,-1,-125.0,-0.0004527960153950645,stop_loss,ES
2025-04-04 10:08:00,2025-04-04 10:09:00,5371.0,5362.75,-1,412.5,0.0015360268106497858,take_profit,ES
2025-04-07 10:02:00,2025-04-07 10:04:00,4968.0,4961.0,1,-350.0,-0.0014090177133655394,stop_loss,ES
2025-04-08 11:17:00,2025-04-08 11:19:00,5181.25,5174.25,1,-350.0,-0.0013510253317249698,stop_loss,ES
2025-04-09 10:05:00,2025-04-09 10:07:00,4989.25,4993.0,-1,-187.5,-0.0007516159743448414,stop_loss,ES
2025-04-10 10:08:00,2025-04-10 10:12:00,5398.25,5403.5,1,262.5,0.000972537396378456,take_profit,ES
2025-04-11 10:25:00,2025-04-11 10:26:00,5347.0,5344.0,1,-150.0,-0.0005610622779128483,stop_loss,ES
2025-04-14 10:03:00,2025-04-14 10:05:00,5462.0,5459.5,1,-125.0,-0.0004577077993409008,stop_loss,ES
2025-04-15 11:42:00,2025-04-15 11:46:00,5437.75,5430.5,-1,362.5,0.0013332720334697256,take_profit,ES
2025-04-16 11:04:00,2025-04-16 11:06:00,5382.25,5385.25,-1,-150.0,-0.0005573877096010033,stop_loss,ES
2025-04-17 10:01:00,2025-04-17 10:09:00,5346.0,5337.75,-1,412.5,0.0015432098765432098,take_profit,ES
2025-04-21 10:04:00,2025-04-21 10:27:00,5257.75,5255.0,1,-137.5,-0.0005230374209500261,stop_loss,ES
2025-04-22 10:06:00,2025-04-22 10:10:00,5230.75,5234.75,-1,-200.0,-0.0007647086937819624,stop_loss,ES
2025-04-23 10:07:00,2025-04-23 10:22:00,5429.0,5434.0,1,250.0,0.0009209799226376865,take_profit,ES
2025-04-24 10:02:00,2025-04-24 10:03:00,5381.25,5378.25,1,-150.0,-0.0005574912891986063,stop_loss,ES
2025-04-25 10:08:00,2025-04-25 10:20:00,5520.75,5510.25,-1,525.0,0.00190191550061133,take_profit,ES
2025-04-28 10:09:00,2025-04-28 10:22:00,5540.25,5535.0,-1,262.5,0.0009476106673886557,take_profit,ES
2025-04-29 10:33:00,2025-04-29 10:46:00,5555.5,5546.75,-1,437.5,0.0015750157501575016,take_profit,ES
2025-04-30 10:18:00,2025-04-30 10:30:00,5573.5,5567.75,-1,287.5,0.001031667713286086,take_profit,ES
2025-05-01 10:31:00,2025-05-01 11:03:00,5652.75,5656.25,-1,-175.0,-0.0006191676617575516,stop_loss,ES
2025-05-02 10:16:00,2025-05-02 10:23:00,5651.75,5648.5,1,-162.5,-0.0005750431282346176,stop_loss,ES
2025-05-05 10:31:00,2025-05-05 10:34:00,5660.75,5663.75,-1,-150.0,-0.0005299651106302169,stop_loss,ES
2025-05-06 10:32:00,2025-05-06 11:00:00,5635.0,5641.5,1,325.0,0.0011535048802129547,take_profit,ES
2025-05-07 10:03:00,2025-05-07 10:05:00,5652.25,5654.75,-1,-125.0,-0.0004423017382458313,stop_loss,ES
2025-05-08 10:55:00,2025-05-08 11:03:00,5716.0,5713.25,1,-137.5,-0.00048110566829951014,stop_loss,ES
2025-05-09 10:01:00,2025-05-09 10:17:00,5694.25,5699.5,1,262.5,0.0009219827018483558,take_profit,ES
2025-05-12 10:06:00,2025-05-12 10:09:00,5841.25,5838.0,1,-162.5,-0.0005563877594692917,stop_loss,ES
2025-05-13 10:52:00,2025-05-13 10:59:00,5852.0,5847.0,1,-250.0,-0.0008544087491455912,stop_loss,ES
2025-05-14 10:04:00,2025-05-14 10:21:00,5897.75,5901.0,-1,-162.5,-0.000551057606714425,stop_loss,ES
2025-05-15 11:01:00,2025-05-15 11:30:00,5883.0,5888.5,1,275.0,0.0009348971613122556,take_profit,ES
2025-05-16 10:08:00,2025-05-16 10:16:00,5943.25,5946.75,-1,-175.0,-0.0005889033777815169,stop_loss,ES
2025-05-19 10:02:00,2025-05-19 10:25:00,5900.0,5904.0,-1,-200.0,-0.0006779661016949153,stop_loss,ES
2025-05-20 10:02:00,2025-05-20 10:18:00,5963.25,5968.75,1,275.0,0.0009223158512556073,take_profit,ES
2025-05-21 10:01:00,2025-05-21 10:03:00,5910.25,5912.75,-1,-125.0,-0.00042299395118649804,stop_loss,ES
2025-05-22 10:06:00,2025-05-22 10:11:00,5862.25,5864.75,-1,-125.0,-0.00042645741822679005,stop_loss,ES
2025-05-23 11:19:00,2025-05-23 11:21:00,5842.75,5836.5,-1,312.5,0.0010697017671473194,take_profit,ES
2025-05-26 10:05:00,2025-05-26 12:32:00,5886.5,5891.75,1,262.5,0.0008918712307822985,take_profit,ES
2025-05-27 10:33:00,2025-05-27 10:40:00,5908.75,5905.0,1,-187.5,-0.0006346519991537973,stop_loss,ES
2024-10-31 10:04:00,2024-10-31 10:14:00,2787.9,2785.7000000000003,-1,219.9999999999818,0.0007891244305749195,take_profit,GC
2024-11-01 10:29:00,2024-11-01 10:37:00,2757.2000000000003,2755.1000000000004,-1,209.9999999999909,0.0007616422457565315,take_profit,GC
2024-11-04 10:11:00,2024-11-04 10:17:00,2753.6000000000004,2752.0,1,-160.00000000003638,-0.0005810575246950768,stop_loss,GC
2024-11-05 10:01:00,2024-11-05 10:18:00,2748.0,2746.0,-1,200.0,0.000727802037845706,take_profit,GC
2024-11-06 10:27:00,2024-11-06 10:29:00,2736.2000000000003,2734.6000000000004,1,-159.9999999999909,-0.0005847525765660072,stop_loss,GC
2024-11-07 10:01:00,2024-11-07 10:08:00,2667.8,2669.9,-1,-209.9999999999909,-0.0007871654546817261,stop_loss,GC
2024-11-08 10:08:00,2024-11-08 10:21:00,2693.7000000000003,2691.7000000000003,-1,200.0,0.000742473178156439,take_profit,GC
2024-11-11 10:02:00,2024-11-11 10:08:00,2675.0,2677.2000000000003,1,220.00000000002728,0.000822429906542158,take_profit,GC
2024-11-12 10:19:00,2024-11-12 10:21:00,2597.1000000000004,2598.5,-1,-139.99999999996362,-0.0005390628008161549,stop_loss,GC
2024-11-13 10:19:00,2024-11-13 10:22:00,2612.9,2614.2000000000003,-1,-130.0000000000182,-0.0004975314784339935,stop_loss,GC
2024-11-14 11:38:00,2024-11-14 11:40:00,2556.9,2554.5,1,-240.0000000000091,-0.0009386366302945328,stop_loss,GC
2024-11-15 10:26:00,2024-11-15 10:40:00,2572.7000000000003,2574.7000000000003,1,200.0,0.0007773933999300345,take_profit,GC
2024-11-18 13:04:00,2024-11-18 13:07:00,2602.3,2601.1000000000004,1,-119.99999999998181,-0.0004611305383698336,stop_loss,GC
2024-11-19 10:28:00,2024-11-19 10:32:00,2638.6000000000004,2637.2000000000003,1,-140.0000000000091,-0.0005305844008186504,stop_loss,GC
2024-11-20 10:16:00,2024-11-20 10:25:00,2627.4,2629.5,1,209.9999999999909,0.0007992692395523746,take_profit,GC
2024-11-21 10:38:00,2024-11-21 10:45:00,2672.0,2670.8,1,-119.99999999998181,-0.00044910179640711754,stop_loss,GC
2024-11-22 10:12:00,2024-11-22 10:18:00,2710.1000000000004,2708.7000000000003,1,-140.0000000000091,-0.0005165861038338404,stop_loss,GC
2024-11-25 10:11:00,2024-11-25 10:36:00,2672.0,2673.2000000000003,-1,-120.00000000002728,-0.00044910179640728776,stop_loss,GC
2024-11-26 10:01:00,2024-11-26 10:04:00,2628.1000000000004,2627.1000000000004,1,-100.0,-0.0003805030249990487,stop_loss,GC
2024-11-27 11:06:00,2024-11-27 11:08:00,2646.8,2647.9,-1,-109.9999999999909,-0.0004155961916275914,stop_loss,GC
2024-11-28 10:26:00,2024-11-28 10:32:00,2668.6000000000004,2669.8,-1,-119.99999999998181,-0.00044967398635982085,stop_loss,GC
2024-11-29 10:02:00,2024-11-29 10:07:00,2689.0,2687.2000000000003,1,-179.99999999997272,-0.0006693938267012745,stop_loss,GC
2024-12-02 10:11:00,2024-12-02 10:17:00,2659.9,2658.3,1,-159.9999999999909,-0.0006015263731718896,stop_loss,GC
2024-12-03 10:48:00,2024-12-03 10:50:00,2665.3,2667.0,-1,-169.9999999999818,-0.0006378268862791498,stop_loss,GC
2024-12-04 10:37:00,2024-12-04 10:39:00,2664.9,2663.6000000000004,1,-129.99999999997272,-0.00048782318285854143,stop_loss,GC
2024-12-05 10:05:00,2024-12-05 10:29:00,2670.3,2672.5,1,219.9999999999818,0.0008238774669512108,take_profit,GC
2024-12-06 10:07:00,2024-12-06 10:27:00,2661.1000000000004,2658.9,-1,220.00000000002728,0.0008267257900869086,take_profit,GC
2024-12-09 10:17:00,2024-12-09 10:30:00,2679.8,2678.4,1,-140.0000000000091,-0.0005224270467945708,stop_loss,GC
2024-12-10 10:17:00,2024-12-10 10:31:00,2689.8,2692.9,1,309.9999999999909,0.0011525020447616585,take_profit,GC
2024-12-11 10:12:00,2024-12-11 10:20:00,2728.7000000000003,2727.7000000000003,1,-100.0,-0.000366474878147103,stop_loss,GC
2024-12-12 10:08:00,2024-12-12 10:10:00,2746.9,2743.9,-1,300.0,0.0010921402308056354,take_profit,GC
2024-12-13 10:28:00,2024-12-13 10:30:00,2687.8,2689.0,-1,-119.99999999998181,-0.00044646179031171147,stop_loss,GC
2024-12-16 10:24:00,2024-12-16 10:35:00,2678.2000000000003,2677.1000000000004,1,-109.9999999999909,-0.00041072362034198675,stop_loss,GC
2024-12-17 11:03:00,2024-12-17 11:04:00,2652.3,2653.3,-1,-100.0,-0.00037703125589111337,stop_loss,GC
2024-12-18 10:14:00,2024-12-18 10:16:00,2664.5,2663.4,1,-109.9999999999909,-0.0004128354287858544,stop_loss,GC
2024-12-19 10:02:00,2024-12-19 10:09:00,2632.1000000000004,2633.1000000000004,-1,-100.0,-0.00037992477489457084,stop_loss,GC
2024-12-20 10:16:00,2024-12-20 10:34:00,2621.5,2620.3,1,-119.99999999998181,-0.0004577531947357689,stop_loss,GC
2024-12-23 10:01:00,2024-12-23 10:08:00,2640.0,2641.0,-1,-100.0,-0.0003787878787878788,stop_loss,GC
2024-12-24 10:16:00,2024-12-24 10:27:00,2631.9,2630.9,1,-100.0,-0.00037995364565523006,stop_loss,GC
2024-12-26 10:16:00,2024-12-26 10:24:00,2643.1000000000004,2641.9,1,-120.00000000002728,-0.00045401233400184355,stop_loss,GC
2024-12-27 11:24:00,2024-12-27 11:29:00,2642.1000000000004,2641.1000000000004,1,-100.0,-0.0003784868097346807,stop_loss,GC
2024-12-30 10:58:00,2024-12-30 11:11:00,2623.6000000000004,2626.4,-1,-279.9999999999727,-0.0010672358591247624,stop_loss,GC
2024-12-31 10:02:00,2024-12-31 10:30:00,2626.1000000000004,2624.1000000000004,-1,200.0,0.0007615856212634704,take_profit,GC
2025-01-02 10:01:00,2025-01-02 10:08:00,2647.6000000000004,2645.3,-1,230.0000000000182,0.0008687112856927714,take_profit,GC
2025-01-03 10:06:00,2025-01-03 10:31:00,2670.5,2668.9,1,-159.9999999999909,-0.0005991387380639988,stop_loss,GC
2025-01-06 10:14:00,2025-01-06 10:17:00,2643.4,2644.7000000000003,-1,-130.0000000000182,-0.000491790875387827,stop_loss,GC
2025-01-07 10:31:00,2025-01-07 10:47:00,2655.7000000000003,2654.6000000000004,1,-109.9999999999909,-0.00041420341152988247,stop_loss,GC
2025-01-08 11:00:00,2025-01-08 11:25:00,2666.2000000000003,2663.8,-1,240.0000000000091,0.0009001575275673584,take_profit,GC
2025-01-09 10:22:00,2025-01-09 10:30:00,2682.7000000000003,2681.7000000000003,1,-100.0,-0.00037275878778842206,stop_loss,GC
2025-01-10 10:11:00,2025-01-10 10:12:00,2708.4,2707.4,1,-100.0,-0.0003692216806970905,stop_loss,GC
2025-01-13 10:02:00,2025-01-13 10:03:00,2705.5,2703.2000000000003,-1,229.99999999997272,0.0008501201256698308,take_profit,GC
2025-01-14 10:21:00,2025-01-14 10:25:00,2678.4,2679.5,-1,-109.9999999999909,-0.0004106929510154977,stop_loss,GC
2025-01-15 10:32:00,2025-01-15 10:36:00,2709.7000000000003,2711.8,1,209.9999999999909,0.000774993541720452,take_profit,GC
2025-01-16 10:05:00,2025-01-16 10:44:00,2737.9,2736.6000000000004,1,-129.99999999997272,-0.00047481646517393884,stop_loss,GC
2025-01-17 10:06:00,2025-01-17 10:19:00,2729.7000000000003,2730.7000000000003,-1,-100.0,-0.0003663406235117412,stop_loss,GC
2025-01-20 10:07:00,2025-01-20 10:15:00,2745.7000000000003,2747.0,-1,-129.99999999997272,-0.00047346760388961907,stop_loss,GC
2025-01-21 10:21:00,2025-01-21 10:32:00,2734.1000000000004,2733.0,1,-110.00000000003638,-0.0004023261768042002,stop_loss,GC
2025-01-22 10:16:00,2025-01-22 10:18:00,2769.5,2771.5,-1,-200.0,-0.0007221520129987362,stop_loss,GC
2025-01-23 10:40:00,2025-01-23 10:49:00,2755.7000000000003,2757.9,1,219.9999999999818,0.0007983452480312871,take_profit,GC
2025-01-24 11:31:00,2025-01-24 11:44:00,2784.6000000000004,2783.6000000000004,1,-100.0,-0.0003591180061768297,stop_loss,GC
2025-01-27 10:28:00,2025-01-27 10:50:00,2771.3,2773.6000000000004,1,230.0000000000182,0.0008299354093747273,take_profit,GC
2025-01-28 10:29:00,2025-01-28 10:31:00,2749.4,2748.4,1,-100.0,-0.00036371571979340947,stop_loss,GC
2025-01-29 10:12:00,2025-01-29 10:24:00,2769.6000000000004,2767.0,-1,260.0000000000364,0.0009387637203929677,take_profit,GC
2025-01-30 10:08:00,2025-01-30 10:24:00,2813.5,2816.0,1,250.0,0.000888572951839346,take_profit,GC
2025-01-31 10:01:00,2025-01-31 10:06:00,2845.0,2846.3,-1,-130.0000000000182,-0.0004569420035150024,stop_loss,GC
2025-02-03 10:01:00,2025-02-03 10:04:00,2827.9,2829.0,-1,-109.9999999999909,-0.00038898122281548464,stop_loss,GC
2025-02-04 10:31:00,2025-02-04 10:34:00,2842.0,2839.6000000000004,-1,239.99999999996362,0.0008444757213228839,take_profit,GC
2025-02-05 10:31:00,2025-02-05 10:34:00,2899.1000000000004,2901.4,1,229.99999999997272,0.0007933496602392904,take_profit,GC
2025-02-06 10:19:00,2025-02-06 10:55:00,2882.9,2881.6000000000004,1,-129.99999999997272,-0.0004509348225743963,stop_loss,GC
2025-02-07 10:07:00,2025-02-07 10:15:00,2891.6000000000004,2889.6000000000004,-1,200.0,0.0006916585973163646,take_profit,GC
2025-02-10 10:03:00,2025-02-10 10:07:00,2930.9,2929.9,1,-100.0,-0.0003411921252857484,stop_loss,GC
2025-02-11 12:08:00,2025-02-11 12:09:00,2927.3,2925.1000000000004,-1,219.9999999999818,0.0007515457930515554,take_profit,GC
2025-02-12 10:29:00,2025-02-12 10:30:00,2915.4,2912.9,1,-250.0,-0.0008575152637716951,stop_loss,GC
2025-02-13 10:20:00,2025-02-13 10:25:00,2944.5,2943.0,1,-150.0,-0.0005094243504839531,stop_loss,GC
2025-02-14 10:17:00,2025-02-14 10:19:00,2963.1000000000004,2960.9,1,-220.00000000002728,-0.0007424656609632725,stop_loss,GC
2025-02-17 10:02:00,2025-02-17 10:26:00,2914.0,2911.5,-1,250.0,0.0008579272477693892,take_profit,GC
2025-02-18 10:23:00,2025-02-18 10:45:00,2923.5,2921.2000000000003,-1,229.99999999997272,0.0007867282367024892,take_profit,GC
2025-02-19 10:04:00,2025-02-19 10:09:00,2963.7000000000003,2962.6000000000004,1,-109.9999999999909,-0.00037115767452843034,stop_loss,GC
2025-02-20 10:12:00,2025-02-20 10:15:00,2972.4,2971.2000000000003,1,-119.99999999998181,-0.00040371417036731867,stop_loss,GC
2025-02-21 10:01:00,2025-02-21 10:06:00,2944.7000000000003,2943.5,1,-120.00000000002728,-0.0004075118008626593,stop_loss,GC
2025-02-24 10:23:00,2025-02-24 10:28:00,2956.8,2957.8,-1,-100.0,-0.0003382034632034632,stop_loss,GC
2025-02-25 10:03:00,2025-02-25 10:11:00,2952.3,2953.4,-1,-109.9999999999909,-0.0003725908613622969,stop_loss,GC
2025-02-26 10:07:00,2025-02-26 10:14:00,2929.0,2927.9,1,-109.9999999999909,-0.0003755547968589652,stop_loss,GC
2025-02-27 10:30:00,2025-02-27 10:31:00,2906.1000000000004,2904.6000000000004,1,-150.0,-0.0005161556725508413,stop_loss,GC
2025-02-28 10:07:00,2025-02-28 10:09:00,2875.6000000000004,2874.5,1,-110.00000000003638,-0.0003825288635416482,stop_loss,GC
2025-03-03 10:22:00,2025-03-03 10:26:00,2880.4,2879.3,1,-109.9999999999909,-0.000381891403971639,stop_loss,GC
2025-03-04 10:01:00,2025-03-04 10:04:00,2927.0,2924.9,-1,209.9999999999909,0.0007174581482746529,take_profit,GC
2025-03-05 10:55:00,2025-03-05 10:56:00,2923.3,2920.4,-1,290.0000000000091,0.000992029555639206,take_profit,GC
2025-03-06 10:35:00,2025-03-06 10:37:00,2908.9,2912.0,1,309.9999999999909,0.0010656949362301588,take_profit,GC
2025-03-07 10:05:00,2025-03-07 10:09:00,2927.6000000000004,2928.7000000000003,-1,-109.9999999999909,-0.0003757343899439503,stop_loss,GC
2025-03-10 10:01:00,2025-03-10 10:18:00,2915.8,2912.8,-1,300.0,0.001028877152068043,take_profit,GC
2025-03-11 10:23:00,2025-03-11 10:37:00,2918.2000000000003,2917.0,1,-120.00000000002728,-0.0004112123912001483,stop_loss,GC
2025-03-12 10:18:00,2025-03-12 10:20:00,2919.3,2920.9,-1,-159.9999999999909,-0.000548076593703939,stop_loss,GC
2025-03-13 10:12:00,2025-03-13 11:01:00,2954.0,2955.1000000000004,-1,-110.00000000003638,-0.0003723764387272728,stop_loss,GC
2025-03-14 10:12:00,2025-03-14 10:16:00,3013.0,3015.6000000000004,1,260.0000000000364,0.0008629273149685907,take_profit,GC
2025-03-17 10:01:00,2025-03-17 10:24:00,3004.4,3003.2000000000003,1,-119.99999999998181,-0.00039941419251758023,stop_loss,GC
2025-03-18 10:07:00,2025-03-18 10:15:00,3032.6000000000004,3034.9,1,229.99999999997272,0.000758425113763677,take_profit,GC
2025-03-19 10:18:00,2025-03-19 10:23:00,3041.1000000000004,3043.3,1,219.9999999999818,0.0007234224458254637,take_profit,GC
2025-03-20 10:02:00,2025-03-20 10:07:00,3046.7000000000003,3044.0,-1,270.0000000000273,0.0008862047461188409,take_profit,GC
2025-03-21 10:01:00,2025-03-21 10:11:00,3037.8,3039.8,1,200.0,0.0006583711896767397,take_profit,GC
2025-03-24 10:18:00,2025-03-24 10:27:00,3034.5,3036.7000000000003,1,220.00000000002728,0.0007249958807053131,take_profit,GC
2025-03-25 10:07:00,2025-03-25 10:25:00,3027.9,3026.6,1,-130.0000000000182,-0.0004293404669903834,stop_loss,GC
2025-03-26 10:19:00,2025-03-26 10:26:00,3026.3,3028.4,1,209.9999999999909,0.0006939166639129991,take_profit,GC
2025-03-27 10:02:00,2025-03-27 10:07:00,3052.0,3055.6000000000004,1,360.0000000000364,0.001179554390563684,take_profit,GC
2025-03-28 10:09:00,2025-03-28 10:17:00,3108.7000000000003,3109.7000000000003,-1,-100.0,-0.0003216778717792003,stop_loss,GC
2025-03-31 10:33:00,2025-03-31 10:44:00,3154.2000000000003,3153.0,1,-120.00000000002728,-0.00038044512079141233,stop_loss,GC
2025-04-01 10:01:00,2025-04-01 10:04:00,3158.5,3160.5,-1,-200.0,-0.0006332119677061897,stop_loss,GC
2025-04-02 10:39:00,2025-04-02 10:40:00,3158.8,3156.8,-1,200.0,0.0006331518298087881,take_profit,GC
2025-04-03 10:01:00,2025-04-03 10:02:00,3140.4,3142.0,-1,-159.9999999999909,-0.0005094892370398385,stop_loss,GC
2025-04-04 10:04:00,2025-04-04 10:06:00,3115.8,3120.3,1,450.0,0.0014442518775274406,take_profit,GC
2025-04-07 10:28:00,2025-04-07 10:31:00,3049.3,3052.4,1,309.9999999999909,0.0010166267667989076,take_profit,GC
2025-04-08 10:26:00,2025-04-08 10:34:00,3023.1000000000004,3022.1000000000004,1,-100.0,-0.00033078627898514766,stop_loss,GC
2025-04-09 10:13:00,2025-04-09 10:18:00,3060.5,3057.4,-1,309.9999999999909,0.0010129063878450935,take_profit,GC
2025-04-10 10:03:00,2025-04-10 10:06:00,3134.8,3131.6000000000004,1,-319.9999999999818,-0.001020798775041412,stop_loss,GC
2025-04-11 10:13:00,2025-04-11 10:17:00,3251.6000000000004,3249.4,1,-220.00000000002728,-0.0006765899864682841,stop_loss,GC
2025-04-14 10:14:00,2025-04-14 10:20:00,3235.8,3229.7000000000003,-1,609.9999999999909,0.0018851597750169692,take_profit,GC
2025-04-15 10:53:00,2025-04-15 10:55:00,3236.9,3238.3,-1,-140.0000000000091,-0.0004325125892057496,stop_loss,GC
2025-04-16 10:08:00,2025-04-16 10:09:00,3316.2000000000003,3317.5,-1,-129.99999999997272,-0.0003920149568782724,stop_loss,GC
2025-04-17 10:26:00,2025-04-17 10:27:00,3344.7000000000003,3343.0,1,-170.00000000002728,-0.000508266810177377,stop_loss,GC
2025-04-21 10:13:00,2025-04-21 10:25:00,3407.6000000000004,3406.6000000000004,1,-100.0,-0.00029346167390538794,stop_loss,GC
2025-04-22 10:01:00,2025-04-22 10:03:00,3471.3,3474.0,1,269.9999999999818,0.0007778065854290375,take_profit,GC
2025-04-23 11:26:00,2025-04-23 11:27:00,3350.8,3349.3,1,-150.0,-0.0004476542915124746,stop_loss,GC
2025-04-24 11:16:00,2025-04-24 11:23:00,3348.9,3351.1000000000004,1,220.00000000002728,0.0006569321269671453,take_profit,GC
2025-04-25 10:29:00,2025-04-25 10:30:00,3315.3,3314.1000000000004,1,-119.99999999998181,-0.0003619581938285579,stop_loss,GC
2025-04-28 10:17:00,2025-04-28 10:18:00,3292.4,3290.8,1,-159.9999999999909,-0.00048596768314904294,stop_loss,GC
2025-04-29 10:18:00,2025-04-29 10:20:00,3316.1000000000004,3318.4,-1,-229.99999999997272,-0.000693585838786444,stop_loss,GC
2025-04-30 10:03:00,2025-04-30 10:04:00,3281.5,3283.9,-1,-240.0000000000091,-0.0007313728477830538,stop_loss,GC
2025-05-01 10:19:00,2025-05-01 10:20:00,3221.6000000000004,3223.5,-1,-189.99999999996362,-0.000589769058852631,stop_loss,GC
2025-05-02 10:14:00,2025-05-02 10:15:00,3267.3,3268.3,-1,-100.0,-0.00030606311021332596,stop_loss,GC
2025-05-05 10:02:00,2025-05-05 10:07:00,3321.7000000000003,3319.9,1,-180.0000000000182,-0.0005418912002890634,stop_loss,GC
2025-05-06 10:13:00,2025-05-06 10:15:00,3391.6000000000004,3390.3,1,-130.0000000000182,-0.0003832999174431483,stop_loss,GC
2025-05-07 10:10:00,2025-05-07 10:12:00,3388.4,3390.5,1,209.9999999999909,0.0006197615393695871,take_profit,GC
2025-05-08 10:21:00,2025-05-08 10:23:00,3348.6000000000004,3350.9,1,229.99999999997272,0.0006868542077285214,take_profit,GC
2025-05-09 10:03:00,2025-05-09 10:09:00,3327.4,3329.1000000000004,-1,-170.00000000002728,-0.0005109094187654843,stop_loss,GC
2025-05-12 10:15:00,2025-05-12 10:17:00,3215.9,3217.0,-1,-109.9999999999909,-0.0003420504368916661,stop_loss,GC
2025-05-13 11:21:00,2025-05-13 11:24:00,3260.8,3263.4,1,259.9999999999909,0.0007973503434739662,take_profit,GC
2025-05-14 11:13:00,2025-05-14 11:21:00,3241.3,3239.7000000000003,1,-159.9999999999909,-0.0004936290994353836,stop_loss,GC
2025-05-15 10:02:00,2025-05-15 10:03:00,3166.9,3169.2000000000003,-1,-230.0000000000182,-0.0007262622754113429,stop_loss,GC
2025-05-16 10:01:00,2025-05-16 10:02:00,3210.2000000000003,3212.0,-1,-179.99999999997272,-0.0005607127281788446,stop_loss,GC
2025-05-19 10:04:00,2025-05-19 10:05:00,3239.1000000000004,3242.1000000000004,-1,-300.0,-0.0009261831990367694,stop_loss,GC
2025-05-20 10:11:00,2025-05-20 10:14:00,3234.9,3236.2000000000003,-1,-130.0000000000182,-0.00040186713654214405,stop_loss,GC
2025-05-21 10:19:00,2025-05-21 10:23:00,3316.2000000000003,3318.9,1,269.9999999999818,0.0008141849104396049,take_profit,GC
2025-05-22 10:16:00,2025-05-22 10:19:00,3303.1000000000004,3304.2000000000003,-1,-109.9999999999909,-0.0003330204958977654,stop_loss,GC
2025-05-23 10:01:00,2025-05-23 10:06:00,3327.3,3324.4,-1,290.0000000000091,0.0008715775553752564,take_profit,GC
2025-05-26 10:04:00,2025-05-26 10:09:00,3329.3,3331.7000000000003,1,240.0000000000091,0.0007208722554290965,take_profit,GC
2025-05-27 10:16:00,2025-05-27 10:17:00,3290.0,3292.0,-1,-200.0,-0.0006079027355623101,stop_loss,GC
2024-10-30 11:18:00,2024-10-30 11:26:00,20748.75,20745.75,1,-60.0,-0.0001445870233146575,stop_loss,NQ
2024-10-31 10:07:00,2024-10-31 10:08:00,20305.0,20308.75,-1,-75.0,-0.00018468357547402119,stop_loss,NQ
2024-11-01 10:31:00,2024-11-01 10:32:00,20109.5,20105.75,1,-75.0,-0.00018647902732539347,stop_loss,NQ
2024-11-04 10:02:00,2024-11-04 10:03:00,20178.0,20183.0,1,100.0,0.000247794627812469,take_profit,NQ
2024-11-05 10:02:00,2024-11-05 10:07:00,20142.25,20137.0,-1,105.0,0.000260646154228053,take_profit,NQ
2024-11-06 10:08:00,2024-11-06 10:09:00,20692.75,20696.25,-1,-70.0,-0.00016914136593734522,stop_loss,NQ
2024-11-07 10:25:00,2024-11-07 10:28:00,20938.25,20940.75,-1,-50.0,-0.0001193987081059783,stop_loss,NQ
2024-11-08 10:01:00,2024-11-08 10:07:00,21219.25,21209.75,-1,190.0,0.00044770668143313266,take_profit,NQ
2024-11-11 10:15:00,2024-11-11 10:22:00,21289.75,21294.0,-1,-85.0,-0.00019962658086637936,stop_loss,NQ
2024-11-12 10:02:00,2024-11-12 10:03:00,21170.25,21165.0,-1,105.0,0.00024798951358628266,take_profit,NQ
2024-11-13 10:11:00,2024-11-13 10:20:00,21165.0,21159.5,-1,110.0,0.00025986298133711316,take_profit,NQ
2024-11-14 10:30:00,2024-11-14 10:31:00,21179.25,21175.5,1,-75.0,-0.0001770600941959701,stop_loss,NQ
2024-11-15 11:04:00,2024-11-15 11:05:00,20836.5,20845.25,1,175.0,0.0004199361697022053,take_profit,NQ
2024-11-18 13:04:00,2024-11-18 13:05:00,20540.75,20533.5,-1,145.0,0.00035295692708396724,take_profit,NQ
2024-11-19 10:16:00,2024-11-19 10:17:00,20564.25,20585.0,1,415.0,0.0010090326659129313,take_profit,NQ
2024-11-20 10:01:00,2024-11-20 10:02:00,20781.5,20787.5,-1,-120.0,-0.0002887183312080456,stop_loss,NQ
2024-11-21 10:06:00,2024-11-21 10:10:00,20662.75,20657.75,1,-100.0,-0.00024198134323843632,stop_loss,NQ
2024-11-22 11:53:00,2024-11-22 11:56:00,20768.75,20765.0,1,-75.0,-0.00018055973517905506,stop_loss,NQ
2024-11-25 10:36:00,2024-11-25 10:38:00,20974.25,20971.25,1,-60.0,-0.00014303252798073828,stop_loss,NQ
2024-11-26 10:01:00,2024-11-26 10:02:00,20894.75,20901.25,1,130.0,0.0003110829275296426,take_profit,NQ
2024-11-27 10:16:00,2024-11-27 10:17:00,20929.0,20922.75,1,-125.0,-0.00029862869702326913,stop_loss,NQ
2024-11-28 10:36:00,2024-11-28 10:39:00,20853.0,20857.0,-1,-80.0,-0.0001918189229367477,stop_loss,NQ
2024-11-29 10:02:00,2024-11-29 10:04:00,20895.75,20898.75,-1,-60.0,-0.00014356986468540254,stop_loss,NQ
2024-12-02 10:10:00,2024-12-02 10:13:00,20942.5,20947.0,-1,-90.0,-0.00021487405992598783,stop_loss,NQ
2024-12-03 10:34:00,2024-12-03 10:35:00,21206.75,21212.5,-1,-115.0,-0.00027114008511440935,stop_loss,NQ
2024-12-04 10:43:00,2024-12-04 10:45:00,21401.0,21406.0,1,100.0,0.00023363394233914304,take_profit,NQ
2024-12-05 10:02:00,2024-12-05 10:24:00,21511.5,21508.25,1,-65.0,-0.00015108197940636405,stop_loss,NQ
2024-12-06 10:04:00,2024-12-06 10:08:00,21467.75,21462.0,-1,115.0,0.00026784362590397224,take_profit,NQ
2024-12-09 10:18:00,2024-12-09 10:20:00,21620.25,21625.5,-1,-105.0,-0.00024282790439518508,stop_loss,NQ
2024-12-10 10:02:00,2024-12-10 10:04:00,21464.5,21469.75,1,105.0,0.0002445899042605232,take_profit,NQ
2024-12-11 10:18:00,2024-12-11 10:32:00,21440.75,21443.75,-1,-60.0,-0.00013992047852803656,stop_loss,NQ
2024-12-12 11:06:00,2024-12-12 11:07:00,21747.5,21739.5,1,-160.0,-0.00036785837452580754,stop_loss,NQ
2024-12-13 10:03:00,2024-12-13 10:09:00,21789.75,21785.25,1,-90.0,-0.00020651912022854783,stop_loss,NQ
2024-12-16 10:01:00,2024-12-16 10:03:00,21853.5,21849.5,1,-80.0,-0.00018303704212139932,stop_loss,NQ
2024-12-17 10:34:00,2024-12-17 10:41:00,22098.0,22103.5,1,110.0,0.0002488913023803059,take_profit,NQ
2024-12-18 10:11:00,2024-12-18 10:14:00,22358.25,22363.75,1,110.0,0.00024599420795455817,take_profit,NQ
2024-12-19 10:14:00,2024-12-19 10:15:00,21585.5,21592.25,1,135.0,0.0003127099210117903,take_profit,NQ
2024-12-20 10:17:00,2024-12-20 10:23:00,21106.5,21115.25,-1,-175.0,-0.00041456423376684906,stop_loss,NQ
2024-12-23 10:21:00,2024-12-23 10:23:00,21661.5,21648.0,-1,270.0,0.0006232255383976179,take_profit,NQ
2024-12-24 11:46:00,2024-12-24 11:50:00,21770.5,21777.0,-1,-130.0,-0.0002985691646953446,stop_loss,NQ
2024-12-26 10:01:00,2024-12-26 10:03:00,21918.0,21909.5,-1,170.0,0.00038780910667031665,take_profit,NQ
2024-12-27 11:44:00,2024-12-27 11:46:00,21929.5,21925.5,1,-80.0,-0.0001824026995599535,stop_loss,NQ
2024-12-30 10:07:00,2024-12-30 10:13:00,21655.5,21660.75,1,105.0,0.00024243263835977005,take_profit,NQ
2024-12-31 11:07:00,2024-12-31 11:09:00,21513.0,21518.25,1,105.0,0.00024403848835587784,take_profit,NQ
2025-01-02 11:42:00,2025-01-02 11:44:00,21420.5,21425.5,1,100.0,0.0002334212553395112,take_profit,NQ
2025-01-03 10:01:00,2025-01-03 10:03:00,21260.25,21255.0,-1,105.0,0.00024693971143330864,take_profit,NQ
2025-01-06 10:11:00,2025-01-06 10:18:00,21675.75,21684.5,1,175.0,0.0004036769200604362,take_profit,NQ
2025-01-07 10:02:00,2025-01-07 10:03:00,21719.0,21723.75,-1,-95.0,-0.0002187025185321608,stop_loss,NQ
2025-01-08 10:50:00,2025-01-08 11:11:00,21443.0,21434.75,1,-165.0,-0.0003847409410996596,stop_loss,NQ
2025-01-09 10:01:00,2025-01-09 10:02:00,21320.0,21313.0,1,-140.0,-0.00032833020637898687,stop_loss,NQ
2025-01-10 10:35:00,2025-01-10 10:37:00,21296.25,21303.5,1,145.0,0.0003404355226859189,take_profit,NQ
2025-01-13 10:30:00,2025-01-13 10:31:00,20746.75,20751.75,1,100.0,0.0002410016026606577,take_profit,NQ
2025-01-14 10:20:00,2025-01-14 10:21:00,21087.5,21091.25,-1,-75.0,-0.00017783046828689981,stop_loss,NQ
2025-01-15 10:16:00,2025-01-15 10:23:00,20942.5,20947.25,-1,-95.0,-0.00022681150769965382,stop_loss,NQ
2025-01-16 10:06:00,2025-01-16 10:08:00,21452.75,21457.0,-1,-85.0,-0.00019810979944296186,stop_loss,NQ
2025-01-17 10:03:00,2025-01-17 10:04:00,21333.75,21328.5,-1,105.0,0.0002460889435753208,take_profit,NQ
2025-01-20 10:02:00,2025-01-20 10:04:00,21630.0,21621.0,1,-180.0,-0.00041608876560332873,stop_loss,NQ
2025-01-21 10:02:00,2025-01-21 10:06:00,21719.25,21724.75,1,110.0,0.00025323158028016623,take_profit,NQ
2025-01-22 10:13:00,2025-01-22 10:20:00,21874.0,21877.5,-1,-70.0,-0.00016000731462009692,stop_loss,NQ
2025-01-23 10:16:00,2025-01-23 10:17:00,21906.0,21901.25,1,-95.0,-0.00021683557016342555,stop_loss,NQ
2025-01-24 10:11:00,2025-01-24 10:13:00,22001.75,22004.5,-1,-55.0,-0.00012499005760905382,stop_loss,NQ
2025-01-27 10:02:00,2025-01-27 10:03:00,21136.75,21123.25,-1,270.0,0.0006386980022945817,take_profit,NQ
2025-01-28 10:01:00,2025-01-28 10:03:00,21400.5,21406.25,1,115.0,0.0002686853110908624,take_profit,NQ
2025-01-29 11:55:00,2025-01-29 11:59:00,21683.75,21681.0,1,-55.0,-0.00012682308180088776,stop_loss,NQ
2025-01-30 10:17:00,2025-01-30 10:20:00,21623.0,21612.5,-1,210.0,0.00048559404337973454,take_profit,NQ
2025-01-31 10:13:00,2025-01-31 10:14:00,21774.5,21778.25,-1,-75.0,-0.0001722197983880227,stop_loss,NQ
2025-02-03 10:02:00,2025-02-03 10:05:00,21165.25,21177.75,-1,-250.0,-0.0005905907088269687,stop_loss,NQ
2025-02-04 10:15:00,2025-02-04 10:16:00,21392.75,21388.0,1,-95.0,-0.00022203783992240362,stop_loss,NQ
2025-02-05 10:22:00,2025-02-05 10:23:00,21470.25,21467.75,1,-50.0,-0.00011644019049615165,stop_loss,NQ
2025-02-06 10:27:00,2025-02-06 10:29:00,21790.75,21785.75,-1,100.0,0.00022945515872560605,take_profit,NQ
2025-02-07 11:44:00,2025-02-07 11:46:00,21868.25,21864.0,1,-85.0,-0.00019434568381100455,stop_loss,NQ
2025-02-10 10:05:00,2025-02-10 10:10:00,21715.25,21712.0,1,-65.0,-0.00014966440635037588,stop_loss,NQ
2025-02-11 10:09:00,2025-02-11 10:10:00,21743.0,21748.0,-1,-100.0,-0.0002299590672860231,stop_loss,NQ
2025-02-12 10:26:00,2025-02-12 10:34:00,21778.0,21774.0,1,-80.0,-0.0001836715951878042,stop_loss,NQ
2025-02-13 10:06:00,2025-02-13 10:07:00,21811.25,21816.0,-1,-95.0,-0.0002177775230672245,stop_loss,NQ
2025-02-14 10:12:00,2025-02-14 10:13:00,22114.5,22109.5,-1,100.0,0.0002260960003617536,take_profit,NQ
2025-02-17 10:01:00,2025-02-17 10:05:00,22250.25,22245.25,1,-100.0,-0.00022471657621824474,stop_loss,NQ
2025-02-18 10:03:00,2025-02-18 10:04:00,22264.25,22268.25,-1,-80.0,-0.00017966021761343858,stop_loss,NQ
2025-02-19 10:08:00,2025-02-19 10:14:00,22240.25,22243.0,-1,-55.0,-0.0001236496891896449,stop_loss,NQ
2025-02-20 10:02:00,2025-02-20 10:06:00,22212.75,22209.75,1,-60.0,-0.00013505756828848295,stop_loss,NQ
2025-02-21 10:16:00,2025-02-21 10:22:00,22173.5,22171.0,1,-50.0,-0.00011274719823212394,stop_loss,NQ
2025-02-24 10:09:00,2025-02-24 10:11:00,21774.25,21768.0,-1,125.0,0.00028703629286887033,take_profit,NQ
2025-02-25 10:51:00,2025-02-25 10:52:00,21298.0,21309.25,-1,-225.0,-0.0005282186120762513,stop_loss,NQ
2025-02-26 10:05:00,2025-02-26 10:08:00,21324.5,21321.25,1,-65.0,-0.0001524068559637975,stop_loss,NQ
2025-02-27 10:07:00,2025-02-27 10:08:00,21312.25,21315.25,-1,-60.0,-0.00014076411453506785,stop_loss,NQ
2025-02-28 12:01:00,2025-02-28 12:02:00,20645.75,20632.75,-1,260.0,0.0006296695445793929,take_profit,NQ
2025-03-03 11:09:00,2025-03-03 11:10:00,21021.5,21018.5,1,-60.0,-0.0001427110339414409,stop_loss,NQ
2025-03-04 10:01:00,2025-03-04 10:02:00,20470.5,20451.25,-1,385.0,0.0009403776165701863,take_profit,NQ
2025-03-05 10:11:00,2025-03-05 10:12:00,20585.5,20572.0,-1,270.0,0.0006558014136163804,take_profit,NQ
2025-03-06 10:54:00,2025-03-06 10:55:00,20371.75,20384.0,-1,-245.0,-0.0006013229104028864,stop_loss,NQ
2025-03-07 10:05:00,2025-03-07 10:06:00,20179.25,20171.5,-1,155.0,0.00038405788123939194,take_profit,NQ
2025-03-10 10:22:00,2025-03-10 10:26:00,19977.5,19980.25,-1,-55.0,-0.00013765486171943435,stop_loss,NQ
2025-03-11 10:01:00,2025-03-11 10:03:00,19518.25,19510.25,-1,160.0,0.00040987281134323005,take_profit,NQ
2025-03-12 11:02:00,2025-03-12 11:05:00,19572.5,19569.75,1,-55.0,-0.00014050325712096053,stop_loss,NQ
2025-03-13 10:01:00,2025-03-13 10:02:00,19618.25,19610.0,1,-165.0,-0.000420526805398035,stop_loss,NQ
2025-03-14 10:13:00,2025-03-14 10:14:00,19423.5,19426.0,-1,-50.0,-0.00012871006770149562,stop_loss,NQ
2025-03-17 10:08:00,2025-03-17 10:11:00,19638.75,19647.0,1,165.0,0.0004200878365476418,take_profit,NQ
2025-03-18 10:02:00,2025-03-18 10:05:00,19765.75,19748.75,-1,340.0,0.0008600736121826898,take_profit,NQ
2025-03-19 10:01:00,2025-03-19 10:03:00,19774.25,19779.75,1,110.0,0.0002781394996017548,take_profit,NQ
2025-03-20 10:03:00,2025-03-20 10:04:00,19922.5,19912.75,-1,195.0,0.0004893964110929853,take_profit,NQ
2025-03-21 10:04:00,2025-03-21 10:06:00,19822.5,19820.0,1,-50.0,-0.0001261193088661874,stop_loss,NQ
2025-03-24 10:20:00,2025-03-24 10:31:00,20207.5,20213.0,1,110.0,0.00027217617221328715,take_profit,NQ
2025-03-25 10:19:00,2025-03-25 10:21:00,20346.5,20352.5,1,120.0,0.00029489101319637285,take_profit,NQ
2025-03-26 10:39:00,2025-03-26 10:40:00,20464.75,20459.75,1,-100.0,-0.00024432255463663127,stop_loss,NQ
2025-03-27 10:03:00,2025-03-27 10:08:00,20132.0,20129.5,1,-50.0,-0.00012418040929862905,stop_loss,NQ
2025-03-28 10:10:00,2025-03-28 10:11:00,19933.25,19938.75,1,110.0,0.0002759208859568811,take_profit,NQ
2025-03-31 11:06:00,2025-03-31 11:09:00,19176.25,19167.0,-1,185.0,0.0004823675118962258,take_profit,NQ
2025-04-01 10:01:00,2025-04-01 10:03:00,19455.0,19448.75,-1,125.0,0.00032125417630429195,take_profit,NQ
2025-04-02 10:02:00,2025-04-02 10:03:00,19462.75,19485.0,-1,-445.0,-0.001143209464232958,stop_loss,NQ
2025-04-03 10:13:00,2025-04-03 10:14:00,19008.25,18991.75,-1,330.0,0.000868044138729236,take_profit,NQ
2025-04-04 10:02:00,2025-04-04 10:03:00,18597.75,18588.75,1,-180.0,-0.00048392950760172603,stop_loss,NQ
2025-04-07 10:02:00,2025-04-07 10:03:00,17002.75,16999.75,1,-60.0,-0.00017644204613959506,stop_loss,NQ
2025-04-08 10:43:00,2025-04-08 10:44:00,17817.0,17798.0,1,-380.0,-0.0010663972610428243,stop_loss,NQ
2025-04-09 10:05:00,2025-04-09 10:07:00,17212.75,17226.75,-1,-280.0,-0.0008133505686191922,stop_loss,NQ
2025-04-10 10:07:00,2025-04-10 10:08:00,18908.0,18920.5,1,250.0,0.0006610958324518722,take_profit,NQ
2025-04-11 10:28:00,2025-04-11 10:29:00,18678.75,18660.0,1,-375.0,-0.001003814495081309,stop_loss,NQ
2025-04-14 10:03:00,2025-04-14 10:04:00,19089.0,19084.25,1,-95.0,-0.00024883440725024885,stop_loss,NQ
2025-04-15 10:47:00,2025-04-15 10:48:00,18954.0,18962.25,-1,-165.0,-0.00043526432415321305,stop_loss,NQ
2025-04-16 11:03:00,2025-04-16 11:04:00,18675.25,18661.25,-1,280.0,0.0007496552924324976,take_profit,NQ
2025-04-17 10:12:00,2025-04-17 10:13:00,18553.25,18564.0,-1,-215.0,-0.000579413310336464,stop_loss,NQ
2025-04-21 10:05:00,2025-04-21 10:06:00,18176.75,18186.5,1,195.0,0.0005363995213665809,take_profit,NQ
2025-04-22 10:33:00,2025-04-22 10:34:00,18079.25,18083.75,-1,-90.0,-0.00024890413042576436,stop_loss,NQ
2025-04-23 10:01:00,2025-04-23 10:03:00,18852.0,18847.25,1,-95.0,-0.00025196265648207085,stop_loss,NQ
2025-04-24 10:07:00,2025-04-24 10:08:00,18722.5,18719.75,1,-55.0,-0.00014688209373748165,stop_loss,NQ
2025-04-25 10:07:00,2025-04-25 10:08:00,19365.5,19354.5,-1,220.0,0.0005680204487361545,take_profit,NQ
2025-04-28 10:18:00,2025-04-28 10:21:00,19502.75,19492.75,-1,200.0,0.0005127482021766161,take_profit,NQ
2025-04-29 10:32:00,2025-04-29 10:33:00,19551.0,19534.5,-1,330.0,0.0008439466011968697,take_profit,NQ
2025-04-30 10:09:00,2025-04-30 10:11:00,19585.0,19588.0,-1,-60.0,-0.00015317845289762572,stop_loss,NQ
2025-05-01 10:19:00,2025-05-01 10:20:00,20023.75,20016.0,1,-155.0,-0.0003870403895374243,stop_loss,NQ
2025-05-02 10:15:00,2025-05-02 10:23:00,19937.0,19930.0,1,-140.0,-0.0003511059838491247,stop_loss,NQ
2025-05-05 10:26:00,2025-05-05 10:30:00,19998.5,20001.75,-1,-65.0,-0.00016251218841413105,stop_loss,NQ
2025-05-06 10:24:00,2025-05-06 10:25:00,19869.75,19867.0,1,-55.0,-0.0001384013387184036,stop_loss,NQ
2025-05-07 10:46:00,2025-05-07 10:51:00,20003.25,19990.25,1,-260.0,-0.0006498943921612738,stop_loss,NQ
2025-05-08 10:34:00,2025-05-08 10:37:00,20235.5,20227.75,-1,155.0,0.00038299028934298636,take_profit,NQ
2025-05-09 10:01:00,2025-05-09 10:08:00,20207.0,20214.0,1,140.0,0.00034641460879893105,take_profit,NQ
2025-05-12 10:03:00,2025-05-12 10:04:00,20886.25,20891.75,-1,-110.0,-0.00026333113890717575,stop_loss,NQ
2025-05-13 10:40:00,2025-05-13 10:43:00,20891.75,20897.0,1,105.0,0.00025129536778872044,take_profit,NQ
2025-05-14 10:08:00,2025-05-14 10:10:00,21256.0,21260.75,-1,-95.0,-0.00022346631539330071,stop_loss,NQ
2025-05-15 11:01:00,2025-05-15 11:08:00,21268.5,21277.5,1,180.0,0.0004231610127653572,take_profit,NQ
2025-05-16 10:08:00,2025-05-16 10:09:00,21430.75,21434.0,-1,-65.0,-0.00015165124878970638,stop_loss,NQ
2025-05-19 10:02:00,2025-05-19 10:05:00,21150.5,21144.75,-1,115.0,0.00027186118531476796,take_profit,NQ
2025-05-20 10:08:00,2025-05-20 10:10:00,21441.5,21437.0,1,-90.0,-0.00020987337639624093,stop_loss,NQ
2025-05-21 10:01:00,2025-05-21 10:02:00,21251.75,21257.75,-1,-120.0,-0.0002823296904960768,stop_loss,NQ
2025-05-22 10:06:00,2025-05-22 10:11:00,21177.5,21189.25,-1,-235.0,-0.000554834140007083,stop_loss,NQ
2025-05-23 11:19:00,2025-05-23 11:20:00,21113.75,21081.75,-1,640.0,0.0015156000236812503,take_profit,NQ
2025-05-26 10:05:00,2025-05-26 10:20:00,21261.75,21273.5,1,235.0,0.0005526356014909403,take_profit,NQ
2025-05-27 10:49:00,2025-05-27 10:51:00,21309.25,21312.5,-1,-65.0,-0.00015251592618229173,stop_loss,NQ
2024-10-25 11:21:00,2024-10-25 11:37:00,33.42,33.525,1,524.9999999999843,0.0031418312387790806,take_profit,SI
2024-10-28 10:08:00,2024-10-28 10:17:00,33.58,33.525,1,-274.9999999999986,-0.001637879690291832,stop_loss,SI
2024-10-29 12:31:00,2024-10-29 12:35:00,34.385,34.31,1,-374.9999999999787,-0.0021811836556636832,stop_loss,SI
2024-10-30 10:14:00,2024-10-30 10:32:00,34.45,34.395,1,-274.9999999999986,-0.0015965166908563052,stop_loss,SI
2024-10-31 10:02:00,2024-10-31 10:19:00,33.715,33.615,-1,500.0000000000071,0.0029660388551090437,take_profit,SI
2024-11-01 10:29:00,2024-11-01 10:57:00,32.910000000000004,32.965,-1,-274.9999999999986,-0.0016712245518079522,stop_loss,SI
2024-11-04 10:21:00,2024-11-04 12:00:00,32.885,32.955,-1,-350.0000000000014,-0.0021286300745020615,stop_loss,SI
2024-11-05 10:03:00,2024-11-05 10:45:00,32.72,32.77,-1,-250.00000000002132,-0.0015281173594133334,stop_loss,SI
2024-11-06 11:21:00,2024-11-06 11:23:00,32.230000000000004,32.12,-1,550.0000000000327,0.003412969283276653,take_profit,SI
2024-11-07 10:01:00,2024-11-07 10:08:00,31.195,31.255,-1,-299.99999999999363,-0.001923385157877824,stop_loss,SI
2024-11-08 10:04:00,2024-11-08 11:37:00,31.58,31.64,-1,-300.00000000001137,-0.0018999366687777795,stop_loss,SI
2024-11-11 10:03:00,2024-11-11 10:18:00,31.485,31.61,1,625.0,0.0039701445132602825,take_profit,SI
2024-11-12 10:03:00,2024-11-12 10:11:00,30.33,30.395,-1,-325.00000000000637,-0.0021430926475437284,stop_loss,SI
2024-11-13 10:02:00,2024-11-13 11:37:00,31.04,30.925,-1,574.9999999999922,0.0037048969072164444,take_profit,SI
2024-11-14 10:28:00,2024-11-14 11:13:00,29.925,29.875,1,-250.00000000000355,-0.0016708437761069578,stop_loss,SI
2024-11-15 10:02:00,2024-11-15 10:21:00,30.4,30.465,-1,-325.00000000000637,-0.0021381578947368843,stop_loss,SI
2024-11-18 11:17:00,2024-11-18 11:42:00,30.855,30.795,1,-299.99999999999363,-0.001944579484686395,stop_loss,SI
2024-11-19 11:17:00,2024-11-19 12:55:00,31.45,31.505,-1,-274.9999999999986,-0.0017488076311605633,stop_loss,SI
2024-11-20 10:50:00,2024-11-20 10:55:00,30.915,30.97,-1,-274.9999999999986,-0.001779071648067272,stop_loss,SI
2024-11-21 13:00:00,2024-11-21 13:05:00,30.99,31.05,-1,-300.00000000001137,-0.0019361084220717096,stop_loss,SI
2024-11-22 10:11:00,2024-11-22 11:40:00,31.36,31.305,1,-274.9999999999986,-0.0017538265306122358,stop_loss,SI
2024-11-25 10:07:00,2024-11-25 11:00:00,30.81,30.885,-1,-375.0000000000142,-0.0024342745861734125,stop_loss,SI
2024-11-26 10:01:00,2024-11-26 13:01:00,30.53,30.635,1,525.0000000000022,0.003439240091713083,take_profit,SI
2024-11-27 10:14:00,2024-11-27 11:55:00,30.49,30.555,-1,-325.00000000000637,-0.002131846507051534,stop_loss,SI
2024-11-28 10:33:00,2024-11-28 13:26:00,30.475,30.585,1,549.9999999999972,0.003609515996718603,take_profit,SI
2024-11-29 10:06:00,2024-11-29 10:20:00,31.195,31.145,1,-250.00000000000355,-0.0016028209648982436,stop_loss,SI
2024-12-02 10:35:00,2024-12-02 10:42:00,30.755,30.7,1,-274.9999999999986,-0.0017883271012843348,stop_loss,SI
2024-12-03 11:03:00,2024-12-03 12:19:00,31.4,31.295,-1,524.9999999999843,0.0033439490445858876,take_profit,SI
2024-12-04 11:12:00,2024-12-04 12:20:00,31.37,31.315,1,-274.9999999999986,-0.0017532674529805456,stop_loss,SI
2024-12-05 10:01:00,2024-12-05 12:25:00,31.855,31.78,1,-374.9999999999965,-0.0023544184586406936,stop_loss,SI
2024-12-06 10:07:00,2024-12-06 10:45:00,31.765,31.665,-1,500.0000000000071,0.003148118998898203,take_profit,SI
2024-12-09 10:14:00,2024-12-09 10:53:00,31.96,32.11,1,749.999999999993,0.004693366708385437,take_profit,SI
2024-12-10 10:07:00,2024-12-10 10:26:00,32.375,32.445,-1,-350.0000000000014,-0.002162162162162171,stop_loss,SI
2024-12-11 10:35:00,2024-12-11 11:20:00,32.55,32.6,-1,-250.00000000002132,-0.0015360983102919899,stop_loss,SI
2024-12-12 10:01:00,2024-12-12 10:48:00,33.155,33.035000000000004,-1,599.9999999999873,0.0036193635952344273,take_profit,SI
2024-12-13 10:10:00,2024-12-13 12:00:00,31.285,31.205,1,-400.0000000000092,-0.002557136007671467,stop_loss,SI
2024-12-16 10:16:00,2024-12-16 13:04:00,31.105,31.16,-1,-274.9999999999986,-0.0017682044687349209,stop_loss,SI
2024-12-17 10:42:00,2024-12-17 11:37:00,30.705,30.755,-1,-250.00000000000355,-0.0016283992835043385,stop_loss,SI
2024-12-18 10:10:00,2024-12-18 11:59:00,30.895,30.84,1,-274.9999999999986,-0.0017802233371095554,stop_loss,SI
2024-12-19 10:01:00,2024-12-19 10:15:00,29.965,30.025,-1,-299.99999999999363,-0.002002336058735148,stop_loss,SI
2024-12-20 10:53:00,2024-12-20 11:56:00,29.23,29.28,-1,-250.00000000000355,-0.0017105713308245196,stop_loss,SI
2024-12-23 10:26:00,2024-12-23 11:38:00,30.205,30.095,-1,549.9999999999972,0.003641781162059243,take_profit,SI
2024-12-24 10:32:00,2024-12-24 10:55:00,30.16,30.21,-1,-250.00000000000355,-0.0016578249336870261,stop_loss,SI
2024-12-26 10:16:00,2024-12-26 12:13:00,30.295,30.245,1,-250.00000000000355,-0.0016504373659019874,stop_loss,SI
2024-12-27 10:01:00,2024-12-27 11:55:00,30.175,30.225,-1,-250.00000000000355,-0.0016570008285004378,stop_loss,SI
2024-12-30 10:58:00,2024-12-30 11:20:00,29.93,29.99,-1,-299.99999999999363,-0.002004677581022343,stop_loss,SI
2024-12-31 10:05:00,2024-12-31 11:03:00,29.395,29.45,-1,-274.9999999999986,-0.0018710665079094988,stop_loss,SI
2025-01-02 10:01:00,2025-01-02 10:11:00,29.7,29.75,-1,-250.00000000000355,-0.0016835016835017075,stop_loss,SI
2025-01-03 10:34:00,2025-01-03 11:04:00,30.12,30.175,-1,-274.9999999999986,-0.001826029216467454,stop_loss,SI
2025-01-06 11:03:00,2025-01-06 11:10:00,30.22,30.275,-1,-274.9999999999986,-0.0018199867637326182,stop_loss,SI
2025-01-07 10:31:00,2025-01-07 11:16:00,30.83,30.76,1,-349.99999999998363,-0.002270515731430319,stop_loss,SI
2025-01-08 10:30:00,2025-01-08 11:04:00,30.845,30.785,1,-299.99999999999363,-0.0019452099205705534,stop_loss,SI
2025-01-09 10:17:00,2025-01-09 11:52:00,30.93,31.05,1,600.000000000005,0.0038797284190107014,take_profit,SI
2025-01-10 11:05:00,2025-01-10 12:05:00,31.215,31.165,1,-250.00000000000355,-0.001601794009290428,stop_loss,SI
2025-01-13 10:02:00,2025-01-13 10:15:00,30.84,30.89,-1,-250.00000000000355,-0.001621271076524018,stop_loss,SI
2025-01-14 10:04:00,2025-01-14 10:27:00,30.355,30.305,1,-250.00000000000355,-0.0016471750947125914,stop_loss,SI
2025-01-15 11:33:00,2025-01-15 13:30:00,30.71,30.895,-1,-924.9999999999936,-0.0060240963855421265,stop_loss,SI
2025-01-16 10:02:00,2025-01-16 10:11:00,31.89,31.95,-1,-299.99999999999363,-0.0018814675446848141,stop_loss,SI
2025-01-17 10:03:00,2025-01-17 10:31:00,31.195,31.245,-1,-250.00000000000355,-0.0016028209648982436,stop_loss,SI
2025-01-20 10:26:00,2025-01-20 13:09:00,31.09,31.14,-1,-250.00000000000355,-0.0016082341588935579,stop_loss,SI
2025-01-21 10:25:00,2025-01-21 10:37:00,31.15,31.095,1,-274.9999999999986,-0.0017656500802568128,stop_loss,SI
2025-01-22 10:01:00,2025-01-22 10:16:00,31.64,31.58,1,-300.00000000001137,-0.0018963337547409063,stop_loss,SI
2025-01-23 10:16:00,2025-01-23 10:26:00,31.12,31.07,1,-250.00000000000355,-0.0016066838046272722,stop_loss,SI
2025-01-24 12:16:00,2025-01-24 13:31:00,31.415,31.52,1,525.0000000000022,0.0033423523794365887,take_profit,SI
2025-01-27 10:09:00,2025-01-27 10:15:00,30.85,30.795,1,-274.9999999999986,-0.0017828200972447232,stop_loss,SI
2025-01-28 10:01:00,2025-01-28 12:35:00,30.545,30.49,1,-275.00000000001637,-0.0018006220330660753,stop_loss,SI
2025-01-29 11:12:00,2025-01-29 12:59:00,30.99,31.09,1,500.0000000000071,0.0032268473701194396,take_profit,SI
2025-01-30 10:23:00,2025-01-30 11:52:00,32.04,31.99,1,-250.00000000000355,-0.0015605493133583244,stop_loss,SI
2025-01-31 10:12:00,2025-01-31 13:36:00,32.65,32.55,-1,500.0000000000071,0.003062787136294071,take_profit,SI
2025-02-03 10:02:00,2025-02-03 10:07:00,32.045,32.1,-1,-274.9999999999986,-0.0017163364019347704,stop_loss,SI
2025-02-04 10:11:00,2025-02-04 11:26:00,32.31,32.365,-1,-274.9999999999986,-0.0017022593624264845,stop_loss,SI
2025-02-05 10:20:00,2025-02-05 10:46:00,33.165,33.115,1,-249.9999999999858,-0.0015076134479118698,stop_loss,SI
2025-02-06 10:08:00,2025-02-06 10:19:00,32.475,32.525,-1,-249.9999999999858,-0.0015396458814471796,stop_loss,SI
2025-02-07 10:02:00,2025-02-07 10:18:00,32.77,32.65,-1,600.0000000000227,0.0036618858712238185,take_profit,SI
2025-02-10 10:58:00,2025-02-10 11:12:00,32.775,32.715,1,-299.99999999997584,-0.0018306636155604934,stop_loss,SI
2025-02-11 10:30:00,2025-02-11 10:39:00,32.25,32.175,1,-375.0000000000142,-0.002325581395348925,stop_loss,SI
2025-02-12 10:21:00,2025-02-12 10:58:00,32.165,32.115,1,-249.9999999999858,-0.0015544846883257318,stop_loss,SI
2025-02-13 10:20:00,2025-02-13 11:01:00,32.875,32.825,1,-249.9999999999858,-0.0015209125475284307,stop_loss,SI
2025-02-14 10:11:00,2025-02-14 10:47:00,34.085,34.035000000000004,1,-249.9999999999858,-0.0014669209329616299,stop_loss,SI
2025-02-17 10:03:00,2025-02-17 11:50:00,32.905,32.975,-1,-350.0000000000014,-0.0021273362710834305,stop_loss,SI
2025-02-18 10:19:00,2025-02-18 13:38:00,32.980000000000004,33.03,-1,-249.9999999999858,-0.0015160703456639525,stop_loss,SI
2025-02-19 10:20:00,2025-02-19 11:49:00,33.58,33.515,1,-324.99999999998863,-0.001935675997617562,stop_loss,SI
2025-02-20 10:11:00,2025-02-20 11:41:00,33.705,33.655,1,-249.9999999999858,-0.0014834594273845769,stop_loss,SI
2025-02-21 11:08:00,2025-02-21 12:53:00,33.37,33.31,1,-299.99999999997584,-0.0017980221756066879,stop_loss,SI
2025-02-24 10:05:00,2025-02-24 12:50:00,32.85,32.9,-1,-249.9999999999858,-0.0015220700152206135,stop_loss,SI
2025-02-25 10:11:00,2025-02-25 10:53:00,32.555,32.505,1,-249.9999999999858,-0.0015358623867300616,stop_loss,SI
2025-02-26 10:05:00,2025-02-26 10:51:00,32.14,32.075,1,-324.99999999998863,-0.002022401991288044,stop_loss,SI
2025-02-27 10:02:00,2025-02-27 10:06:00,32.44,32.39,1,-249.9999999999858,-0.0015413070283599617,stop_loss,SI
2025-02-28 10:03:00,2025-02-28 10:39:00,31.645,31.7,-1,-274.9999999999986,-0.0017380312845631132,stop_loss,SI
2025-03-03 10:22:00,2025-03-03 11:09:00,31.99,32.1,1,550.0000000000149,0.0034385745545483896,take_profit,SI
2025-03-04 10:17:00,2025-03-04 11:51:00,32.44,32.495,-1,-274.9999999999986,-0.0016954377311960457,stop_loss,SI
2025-03-05 10:01:00,2025-03-05 10:13:00,32.97,32.92,1,-249.9999999999858,-0.001516530178950475,stop_loss,SI
2025-03-06 10:36:00,2025-03-06 10:49:00,33.01,32.96,1,-249.9999999999858,-0.001514692517418878,stop_loss,SI
2025-03-07 10:15:00,2025-03-07 11:41:00,33.25,33.15,-1,500.0000000000071,0.003007518796992524,take_profit,SI
2025-03-10 10:18:00,2025-03-10 10:33:00,32.980000000000004,32.86,-1,600.0000000000227,0.0036385688295938307,take_profit,SI
2025-03-11 10:17:00,2025-03-11 12:19:00,32.980000000000004,32.92,1,-300.00000000001137,-0.0018192844147969154,stop_loss,SI
2025-03-12 10:37:00,2025-03-12 10:52:00,33.42,33.475,-1,-274.9999999999986,-0.0016457211250747968,stop_loss,SI
2025-03-13 10:03:00,2025-03-13 12:24:00,33.685,33.63,1,-274.9999999999986,-0.0016327742318539324,stop_loss,SI
2025-03-14 10:17:00,2025-03-14 10:34:00,34.82,34.755,1,-324.99999999998863,-0.0018667432510051042,stop_loss,SI
2025-03-17 10:09:00,2025-03-17 11:53:00,34.345,34.295,1,-249.9999999999858,-0.001455815984859431,stop_loss,SI
2025-03-18 10:20:00,2025-03-18 10:51:00,34.725,34.78,-1,-274.9999999999986,-0.0015838732901367809,stop_loss,SI
2025-03-19 10:16:00,2025-03-19 10:44:00,34.435,34.535000000000004,1,500.0000000000071,0.0029040220705677773,take_profit,SI
2025-03-20 10:03:00,2025-03-20 10:17:00,34.045,33.875,-1,850.0000000000085,0.004993391100014736,take_profit,SI
2025-03-21 10:01:00,2025-03-21 10:47:00,33.58,33.68,1,500.0000000000071,0.002977963073257934,take_profit,SI
2025-03-24 10:22:00,2025-03-24 11:35:00,33.71,33.660000000000004,1,-249.9999999999858,-0.0014832393948382425,stop_loss,SI
2025-03-25 10:24:00,2025-03-25 10:49:00,33.765,33.87,1,524.9999999999843,0.0031097290093290942,take_profit,SI
2025-03-26 10:15:00,2025-03-26 12:29:00,34.245,34.345,1,500.0000000000071,0.002920134326179046,take_profit,SI
2025-03-27 10:02:00,2025-03-27 10:07:00,34.43,34.545,1,575.00000000001,0.00334011036886442,take_profit,SI
2025-03-28 10:06:00,2025-03-28 10:39:00,35.31,35.365,-1,-274.9999999999986,-0.001557632398753886,stop_loss,SI
2025-03-31 10:13:00,2025-03-31 10:27:00,34.815,34.865,-1,-250.00000000002132,-0.0014361625736034544,stop_loss,SI
2025-04-01 10:01:00,2025-04-01 10:19:00,34.705,34.755,-1,-250.00000000002132,-0.0014407145944389645,stop_loss,SI
2025-04-02 10:02:00,2025-04-02 10:44:00,34.765,34.665,-1,500.0000000000071,0.002876456205954305,take_profit,SI
2025-04-03 10:08:00,2025-04-03 10:11:00,32.735,32.785000000000004,-1,-250.00000000002132,-0.0015274171376204143,stop_loss,SI
2025-04-04 10:02:00,2025-04-04 10:09:00,31.55,31.465,1,-425.00000000000426,-0.002694136291600661,stop_loss,SI
2025-04-07 10:02:00,2025-04-07 10:04:00,30.31,30.255,1,-274.9999999999986,-0.0018145826459914126,stop_loss,SI
2025-04-08 10:04:00,2025-04-08 10:10:00,30.21,30.15,1,-300.00000000001137,-0.001986097318768695,stop_loss,SI
2025-04-09 10:02:00,2025-04-09 10:09:00,30.26,30.315,-1,-274.9999999999986,-0.0018175809649702483,stop_loss,SI
2025-04-10 10:03:00,2025-04-10 10:51:00,30.91,30.845,1,-325.00000000000637,-0.002102879327078657,stop_loss,SI
2025-04-11 10:14:00,2025-04-11 10:27:00,31.455,31.395,1,-299.99999999999363,-0.001907486886027618,stop_loss,SI
2025-04-14 10:03:00,2025-04-14 10:08:00,32.335,32.275,1,-300.00000000001137,-0.0018555744549250742,stop_loss,SI
2025-04-15 10:56:00,2025-04-15 12:11:00,32.285000000000004,32.35,-1,-324.99999999998863,-0.0020133188787361846,stop_loss,SI
2025-04-16 10:10:00,2025-04-16 10:51:00,32.910000000000004,32.97,-1,-299.99999999997584,-0.0018231540565176287,stop_loss,SI
2025-04-17 10:07:00,2025-04-17 10:18:00,32.305,32.365,-1,-300.00000000001137,-0.0018572976319455898,stop_loss,SI
2025-04-21 10:22:00,2025-04-21 10:35:00,32.865,32.795,1,-350.0000000000014,-0.002129925452609167,stop_loss,SI
2025-04-22 10:01:00,2025-04-22 10:59:00,32.655,32.59,1,-324.99999999998863,-0.0019905068136578693,stop_loss,SI
2025-04-23 11:13:00,2025-04-23 11:46:00,32.99,32.94,1,-250.00000000002132,-0.001515610791148962,stop_loss,SI
2025-04-24 11:05:00,2025-04-24 12:11:00,33.42,33.52,1,500.0000000000071,0.0029922202274087796,take_profit,SI
2025-04-25 10:02:00,2025-04-25 10:20:00,33.285000000000004,33.345,-1,-299.99999999997584,-0.001802613789995348,stop_loss,SI
2025-04-28 10:36:00,2025-04-28 11:27:00,32.915,33.015,1,500.0000000000071,0.003038128512836136,take_profit,SI
2025-04-29 10:18:00,2025-04-29 11:50:00,33.585,33.475,-1,549.9999999999972,0.0032752716986749865,take_profit,SI
2025-04-30 11:58:00,2025-04-30 12:01:00,32.39,32.445,-1,-274.9999999999986,-0.0016980549552330878,stop_loss,SI
2025-05-01 10:04:00,2025-05-01 10:28:00,32.24,32.305,-1,-324.99999999998863,-0.0020161290322579938,stop_loss,SI
2025-05-02 10:19:00,2025-05-02 11:42:00,32.64,32.54,-1,500.0000000000071,0.0030637254901961218,take_profit,SI
2025-05-05 10:02:00,2025-05-05 10:12:00,32.655,32.6,1,-274.9999999999986,-0.0016842749961720935,stop_loss,SI
2025-05-06 11:30:00,2025-05-06 11:38:00,33.29,33.235,1,-274.9999999999986,-0.0016521477921297603,stop_loss,SI
2025-05-07 10:22:00,2025-05-07 10:42:00,32.965,33.015,-1,-249.9999999999858,-0.00151676020021226,stop_loss,SI
2025-05-08 10:14:00,2025-05-08 10:56:00,32.64,32.59,1,-249.9999999999858,-0.001531862745097952,stop_loss,SI
2025-05-09 10:18:00,2025-05-09 10:25:00,32.785000000000004,32.735,1,-250.00000000002132,-0.001525087692542451,stop_loss,SI
2025-05-12 10:01:00,2025-05-12 10:31:00,32.255,32.31,-1,-274.9999999999986,-0.001705161990389078,stop_loss,SI
2025-05-13 10:01:00,2025-05-13 10:30:00,33.2,33.25,-1,-249.9999999999858,-0.0015060240963854564,stop_loss,SI
2025-05-14 10:31:00,2025-05-14 12:14:00,33.01,32.925,1,-425.00000000000426,-0.0025749772796122648,stop_loss,SI
2025-05-15 10:06:00,2025-05-15 11:31:00,32.175,32.275,1,500.0000000000071,0.0031080031080031522,take_profit,SI
2025-05-16 10:08:00,2025-05-16 10:52:00,32.37,32.255,-1,574.9999999999744,0.003552672227370865,take_profit,SI
2025-05-19 10:08:00,2025-05-19 10:26:00,32.65,32.7,-1,-250.00000000002132,-0.0015313935681471444,stop_loss,SI
2025-05-20 10:16:00,2025-05-20 11:04:00,32.575,32.68,1,524.9999999999843,0.0032233307751342094,take_profit,SI
2025-05-21 10:24:00,2025-05-21 10:44:00,33.385,33.325,1,-299.99999999997584,-0.001797214317807254,stop_loss,SI
2025-05-22 10:04:00,2025-05-22 10:31:00,33.335,33.215,-1,599.9999999999873,0.003599820008999473,take_profit,SI
2025-05-23 10:06:00,2025-05-23 10:20:00,33.255,33.31,-1,-274.9999999999986,-0.0016538866335889253,stop_loss,SI
2025-05-26 10:05:00,2025-05-26 13:58:00,33.525,33.475,1,-249.9999999999858,-0.0014914243102161719,stop_loss,SI
2025-05-27 10:16:00,2025-05-27 10:21:00,33.12,33.185,-1,-325.00000000002416,-0.001962560386473576,stop_loss,SI
